编号,倒焊日期,芯片号,压连情况（-1，0，1，2）,电路端铟柱高度（μm）,芯片端铟柱高度（μm）,倒焊压力（kg）,倒焊机状态是否变更,铟柱上底（CD）,铟柱下底（CD）,调平方式,电路激光数据1,电路激光数据2,电路激光数据3,电路激光数据4,芯片激光数据1,芯片激光数据2,芯片激光数据3,芯片激光数据4,电路铟柱高度1,电路铟柱高度2,电路铟柱高度3,电路铟柱高度4,电路铟柱高度5,芯片铟柱高度1,芯片铟柱高度2,芯片铟柱高度3,芯片铟柱高度4,芯片铟柱高度5,设备开关机状态,设备报警代码,设备温度
1,2025.01.03,B241211-1-4# M1,0,6.56,6.61,22,,6.24,11.18,激光,,,,,,,,,,,,,,,,,,,,,真空度：-866 T:19.8℃
2,2025.01.16,B241211-1-1# M4,1,6.56,6.47,22,,5.16,11.1,激光,,,,,,,,,,,,,,,,,,,,,真空度：-874 T:19.7℃
3,2025.01.16,B241211-1-1# M6,1,6.56,6.47,22,,5.16,11.1,十字,,,,,,,,,,,,,,,,,,,,,真空度：-874 T:19.8℃
4,2025.01.17,B241211-1-4# M8,1,6.56,6.61,22,,6.24,11.18,激光,,,,,,,,,,,,,,,,,,,,,真空度：-866 T:19.8℃
5,2025.01.18,B241211-1-7# M1,0,6.56,6.38,22,,6.07,11.76,十字,,,,,,,,,,,,,,,,,,,,,真空度：-863 T:19.8℃
6,2025.01.21,B241211-1-1# M1,0,6.56,6.47,22,,5.16,11.1,激光,,,,,,,,,,,,,,,,,,,,,真空度：-865 T:19.8℃
7,2025.01.21,B241227-1-1# M3,0,6.56,6.34,22,,5.16,11.1,激光,,,,,,,,,,,,,,,,,,,,,真空度：-963 T:19.8℃
8,2025.02.18,B241211-1-7# M4,1,5.85,6.38,22,,6.07,11.76,十字,,,,,,,,,,,,,,,,,,,,,真空度：-872 T:19.8℃
9,2025.02.19,B241211-1-7# M6,1,6.56,6.38,22,,6.07,11.76,十字,,,,,,,,,,,,,,,,,,,,,真空度：-874 T:19.8℃
10,2025.02.19,B241211-1-1# M7,1,5.85,6.47,22,,5.16,11.1,激光,,,,,,,,,,,,,,,,,,,,,真空度：-873 T:19.8℃
11,2025.02.19,B241211-1-7# M7,0,6.56,6.38,22,,6.07,11.76,激光,,,,,,,,,,,,,,,,,,,,,真空度：-870 T:19.8℃
12,2025.02.19,B241211-1-1# M3,1,6.56,6.47,22,,5.16,11.1,十字,,,,,,,,,,,,,,,,,,,,,真空度：-870 T:19.8℃
13,2025.02.20,B241211-1-7# M8,1,6.56,6.38,22,,6.07,11.76,十字,,,,,,,,,,,,,,,,,,,,,真空度：-875 T:19.8℃
14,2025.02.20,B241211-1-7# M9,1,6.56,6.38,22,,6.07,11.76,激光,,,,,,,,,,,,,,,,,,,,,真空度：-875 T:19.8℃
15,2025.02.23,B250102-1-4# M3,0,3.5-4.2,5.61,22,,,,激光,,,,,,,,,,,,,,,,,,,,,真空度：-882 T:19.8℃
16,2025.02.26,B250102-1-4# M7,-1,5.85,5.61,18,,,,激光,,,,,,,,,,,,,,,,,,,,,真空度：-862 T:19.8℃
17,2025.02.28,B250102-1-4# M5,1,5.85,5.61,22,,,,十字,,,,,,,,,,,,,,,,,,,,,真空度：-863 T:19.8℃
18,2025.02.28,B250102-1-4# M6,0,5.85,5.61,22,,,,激光,,,,,,,,,,,,,,,,,,,,,真空度：-863 T:19.8℃
19,2025.03.03,B250102-1-4# M1,0,5.85,5.61,22,,,,十字,,,,,,,,,,,,,,,,,,,,,真空度：-863 T:19.8℃
20,2025.03.03,B250102-1-4# M2,1,5.85,5.61,22,,,,激光,,,,,,,,,,,,,,,,,,,,,真空度：-863 T:19.8℃
21,2025.03.03,B250102-1-4# M8,0,5.85,5.61,22,,,,十字,,,,,,,,,,,,,,,,,,,,,真空度：-864 T:19.9℃
22,2025.03.03,B250102-1-4# M9,0,5.85,5.61,22,,,,十字,,,,,,,,,,,,,,,,,,,,,真空度：-864 T:19.8℃
23,2025.03.10,B250119-1-2# M7,1,5.85,6.04,22,,6.06,11.56,激光,,,,,,,,,,,,,,,,,,,,,真空度：-860 T:19.8℃
24,2025.03.10,B250119-1-3# M6,1,5.85,6.06,22,,6.05,11.45,激光,,,,,,,,,,,,,,,,,,,,,真空度：-860 T:19.8℃
25,2025.03.10,B250119-1-1# M2,1,5.85,5.96,22,,6.11,12.07,十字,,,,,,,,,,,,,,,,,,,,,真空度：-859 T:19.8℃
26,2025.03.11,B250119-1-1# M1,1,5.85,5.96,22,,6.11,12.07,十字,,,,,,,,,,,,,,,,,,,,,真空度：-862 T:19.8℃
27,2025.03.13,B250119-1-1# M3,1,5.85,5.96,22,,6.11,12.07,十字,,,,,,,,,,,,,,,,,,,,,真空度：-866 T:19.8℃
28,2025.03.13,B250119-1-1# M4,1,5.85,5.96,22,,6.11,12.07,十字,,,,,,,,,,,,,,,,,,,,,真空度：-865 T:19.8℃
29,2025.03.14,B250119-1-1# M5,0,5.85,5.96,22,,6.11,12.07,激光,,,,,,,,,,,,,,,,,,,,,真空度：-869 T:19.9℃
30,2025.03.14,B250119-1-1# M6,1,5.85,5.96,22,,6.11,12.07,激光,,,,,,,,,,,,,,,,,,,,,真空度：-870 T:19.9℃
31,2025.03.18,B250122-1-2# M3,1,5.85,6.18,22,,,,十字,,,,,,,,,,,,,,,,,,,,,真空度：-871 T:19.8℃
32,2025.03.18,B250119-1-1# M7,1,5.85,5.96,22,,6.11,12.07,十字,,,,,,,,,,,,,,,,,,,,,真空度：-869 T:19.8℃
33,2025.03.19,B250119-1-3# M4,1,5.85,6.06,22,,6.05,11.45,激光,,,,,,,,,,,,,,,,,,,,,真空度：-871 T:20.2℃
34,2025.03.19,B250119-1-3# M2,1,5.85,6.06,22,,6.05,11.45,十字,,,,,,,,,,,,,,,,,,,,,真空度：-871 T:19.8℃
35,2025.03.19,B250119-1-3# M5,1,5.85,6.06,22,,6.05,11.45,激光,,,,,,,,,,,,,,,,,,,,,真空度：-866 T:19.8℃
36,2025.03.24,B250122-1-2# M6,1,5.85,6.18,20,,5.64,11.59,激光,,,,,,,,,,,,,,,,,,,,,真空度：-856 T:19.9℃
37,2025.03.24,B250118-1-2# M3,1,5.38,6.15,20,,,,十字,,,,,,,,,,,,,,,,,,,,,真空度：-851 T:19.9℃
38,2025.03.26,B250122-1-2# M2,1,5.38,6.18,22,,5.64,11.59,激光,,,,,,,,,,,,,,,,,,,,,真空度：-847 T:19.9℃
39,2025.03.27,B250122-1-2# M5,1,5.38,6.18,22,,5.64,11.59,激光,,,,,,,,,,,,,,,,,,,,,真空度：-864 T:19.8℃
40,2025.03.27,B250118-1-2# M4,1,5.38,6.15,22,,,,激光,,,,,,,,,,,,,,,,,,,,,真空度：-862 T:19.9℃
41,2025.03.27,B250122-1-2# M4,1,5.38,6.18,22,,5.64,11.59,十字,,,,,,,,,,,,,,,,,,,,,真空度：-863 T:19.9℃
42,2025.03.27,B250118-1-2# M5,2,5.38,6.15,22,,6.95,12.7,十字,,,,,,,,,,,,,,,,,,,,,真空度：-863 T:19.9℃
43,2025.03.27,B250118-1-2# M6,1,5.85,6.15,22,,,,十字,,,,,,,,,,,,,,,,,,,,,真空度：-868 T:19.9℃
44,2025.03.31,B250102-1-10# M4,0,5.38,5.99,22,,,,十字,,,,,,,,,,,,,,,,,,,,,真空度：-867 T:19.9℃
45,2025.04.01,B250118-1-2# M8,1,5.85,6.15,22,,6.95,12.7,十字,,,,,,,,,,,,,,,,,,,,,真空度：-961 T:19.9℃
46,2025.04.08,B250118-1-2# M9,1,5.85,6.15,22,,6.95,12.7,十字,,,,,,,,,,,,,,,,,,,,,真空度：-863 T:19.9℃
47,2025.04.08,B250102-1-10# M5,1,6.05,5.99,22,,,,十字,,,,,,,,,,,,,,,,,,,,,真空度：-856 T:19.9℃
48,2025.04.14,B250120-1-2# M5,1,5.85,6.88,22,,6.35,11.72,十字,,,,,,,,,,,,,,,,,,,,,真空度：-862 T:19.8℃
49,2025.04.14,B250120-1-2# M6,1,5.85,6.88,22,,6.35,11.72,激光,,,,,,,,,,,,,,,,,,,,,真空度：-862 T:19.8℃
50,2025.04.14,B250120-1-2# M7,1,6.05,6.88,22,,6.35,11.72,十字,,,,,,,,,,,,,,,,,,,,,真空度：-859 T:20.0℃
51,2025.04.15,B250102-1-10# M6,1,6.05,5.99,22,,,,十字,,,,,,,,,,,,,,,,,,,,,真空度：-858 T:19.9℃
52,2025.04.15,B250120-1-2# M4,1,6.05,6.88,22,,6.35,11.72,十字,,,,,,,,,,,,,,,,,,,,,真空度：-859 T:20.0℃
53,2025.04.15,B250120-1-2# M9,1,6.05,6.88,22,,6.35,11.72,十字,,,,,,,,,,,,,,,,,,,,,真空度：-855 T:19.9℃
54,2025.04.15,B250119-1-5# M7,1,6.05,6.25,22,,6.63,9.71,十字,,,,,,,,,,,,,,,,,,,,,真空度：-854 T:20.1℃
55,2025.04.15,B250119-1-5# M8,1,6.05,6.25,22,,6.63,9.71,十字,,,,,,,,,,,,,,,,,,,,,真空度：-854 T:20.0℃
56,2025.04.16,B250120-1-3# M6,1,6.05,6.28,22,,7.11,11.89,十字,,,,,,,,,,,,,,,,,,,,,真空度：-852 T:19.8℃
57,2025.04.16,B250120-1-3# M2,1,6.05,6.28,22,,,,激光,,,,,,,,,,,,,,,,,,,,,真空度：-851 T:19.8℃
58,2025.04.16,B250120-1-3# M8,0,6.05,6.28,22,,,,十字,,,,,,,,,,,,,,,,,,,,,真空度：-851 T:20.0℃
59,2025.04.16,B250120-1-3# M9,1,6.05,6.28,22,,,,激光,,,,,,,,,,,,,,,,,,,,,真空度：-850 T:19.8℃
60,2025.04.21,B250318-1-5# M1,1,6.05,6.2,22,,,,十字,,,,,,,,,,,,,,,,,,,,,真空度：-855 T:20.1℃
61,2025.04.21,B250318-1-2# M2(小),1,6.05,6.6,22,,,,激光,,,,,,,,,,,,,,,,,,,,,真空度：-856 T:20.0℃
62,2025.04.21,B250318-1-2# M2(大),1,6.05,6.6,22,,,,激光,,,,,,,,,,,,,,,,,,,,,真空度：-856 T:20.2℃
63,2025.04.22,B250318-1-5# M2,1,6.05,6.2,22,,,,激光,,,,,,,,,,,,,,,,,,,,,真空度：-864 T:19.9℃
64,2025.04.22,B250318-1-2# M5(小),1,6.05,6.6,22,,,,激光,,,,,,,,,,,,,,,,,,,,,真空度：-860 T:19.9℃
65,2025.05.16,B250417-1-4 M1,0,6.05,6.42,22,,5.77,10.58,激光,,,,,,,,,,,,,,,,,,,,,真空度：-849 T:19.9℃
66,2025.05.16,B250417-1-4 M2,1,6.05,6.42,22,,5.77,10.58,激光,,,,,,,,,,,,,,,,,,,,,真空度：-848 T:20.0℃
67,2025.05.16,B250417-1-4 M3,1,6.05,6.42,22,,5.77,10.58,激光,,,,,,,,,,,,,,,,,,,,,真空度：-847 T:20.0℃
68,2025.05.16,B250417-1-4 M4,1,6.05,6.42,22,,5.77,10.58,十字,,,,,,,,,,,,,,,,,,,,,真空度：-848 T:20.0℃
69,2025.05.16,B250417-1-4 M5,1,6.05,6.42,22,,5.77,10.58,激光,,,,,,,,,,,,,,,,,,,,,真空度：-848 T:20.0℃
70,2025.05.21,B250417-1-5 M1,0,6.05,6.32,22,,5.28,10.53,十字,,,,,,,,,,,,,,,,,,,,,真空度：-852 T:19.8℃
71,2025.05.21,B250417-1-4 M6,1,6.05,6.42,22,,5.77,10.58,激光,,,,,,,,,,,,,,,,,,,,,真空度：-852 T:19.9℃
72,2025.05.21,B250417-1-4 M7,1,6.05,6.42,22,,5.77,10.58,激光,,,,,,,,,,,,,,,,,,,,,真空度：-852 T:20.0℃
73,2025.05.22,B250417-1-5 M4,1,6.05,6.32,22,,5.28,10.53,十字,,,,,,,,,,,,,,,,,,,,,真空度：-860 T:19.9℃
74,2025.05.22,B250417-1-4 M9,2,6.05,6.42,22,,5.77,10.58,十字,,,,,,,,,,,,,,,,,,,,,真空度：-860 T:20.0℃
75,2025.05.22,B250417-1-5 M5,1,6.05,6.32,22,,5.28,10.53,激光,,,,,,,,,,,,,,,,,,,,,真空度：-862 T:19.9℃
76,2025.05.22,B250417-1-5 M6,1,6.05,6.32,22,,5.28,10.53,激光,,,,,,,,,,,,,,,,,,,,,真空度：-862 T:20.1℃
77,2025.05.22,B250425-1-2 M2,1,6.05,6.38,21,,5.21,10.59,激光,,,,,,,,,,,,,,,,,,,,,真空度：-863 T:20.1℃
78,2025.05.24,B250417-1-5 M7,2,6.05,6.32,20,,5.28,10.53,激光,,,,,,,,,,,,,,,,,,,,,真空度：-860 T:20.0℃
79,2025.05.27,B250417-1-5 M9,1,6.05,6.32,22,,5.28,10.53,激光,,,,,,,,,,,,,,,,,,,,,真空度：-859 T:20.9℃
80,2025.05.27,B250417-1-5 M8,1,5.62,6.32,22,,5.28,10.53,激光,,,,,,,,,,,,,,,,,,,,,真空度：-860 T:19.9℃
81,2025.05.27,B250425-1-2 M1,1,5.62,6.38,22,,5.21,10.59,十字,,,,,,,,,,,,,,,,,,,,,真空度：-860 T:19.9℃
82,2025.05.27,B250425-1-2 M3,1,5.62,6.38,22,,5.21,10.59,激光,,,,,,,,,,,,,,,,,,,,,真空度：-860 T:20.0℃
83,2025.05.28,B250425-1-2 M4,1,5.62,6.38,22,,5.21,10.59,十字,,,,,,,,,,,,,,,,,,,,,真空度：-861 T:19.9℃
84,2025.05.28,B250425-1-2 M8,1,5.62,6.38,20,,5.21,10.59,激光,,,,,,,,,,,,,,,,,,,,,真空度：-858 T:19.9℃
85,2025.05.29,B250425-1-2 M8,1,5.62,6.2,22,,5.21,10.59,激光,,,,,,,,,,,,,,,,,,,,,真空度：-858 T:19.9℃
86,2025.6.3,B250425-1-2 M6,1,5.62,6.38,22,,5.21,10.59,激光,,,,,,,,,,,,,,,,,,,,,真空度：-852 T:19.9℃
87,2025.6.4,B250425-1-2 M7,1,5.62,6.38,22,,,,激光,,,,,,,,,,,,,,,,,,,,,真空度：-855 T:19.9℃
88,2025.6.13,B250512-1-2,1,6.05,5.53,22,,,,激光,,,,,,,,,,,,,,,,,,,,,真空度：-849 T:19.8℃
89,2025.6.19,B250609-1-1 M1,0,5.18,6.21,22,,6.63,10.91,激光,,,,,,,,,,,,,,,,,,,,,真空度：-852 T:20.0℃
90,2025.6.23,B250512-1-3 左,1,5.18,6.19,22,,,,十字,,,,,,,,,,,,,,,,,,,,,真空度：-854 T:19.9℃
91,2025.6.24,B250527-1-2 M7,1,5.18,6.57,22,,4.21,10.25,激光,,,,,,,,,,,,,,,,,,,,,真空度：-856 T:19.9℃
92,2025.7.2,B250318-1-5 M9,1,5.62,6.2,22,,2.47,10.89,激光,,,,,,,,,,,,,,,,,,,,,真空度：-852 T:19.8℃
93,2025.7.2,B250318-1-2 M4(小),1,6.05,6.6,22,,2.83,10.15,激光,,,,,,,,,,,,,,,,,,,,,真空度：-850 T:19.9℃
94,2025.7.2,B250318-1-2 M4(大),1,6.05,6.6,22,,2.83,10.15,激光,,,,,,,,,,,,,,,,,,,,,真空度：-850 T:19.9℃
95,2025.7.4,B250318-1-5 M7,0,5.62,6.2,22,,2.47,10.89,十字,,,,,,,,,,,,,,,,,,,,,真空度：-850 T:19.9℃
96,2025.7.4,B250318-1-5 M8,1,5.62,6.2,22,,2.47,10.89,十字,,,,,,,,,,,,,,,,,,,,,真空度：-849 T:20.0℃
97,2025.7.4,B250318-1-5 M6,0,5.18,6.2,22,,2.47,10.89,十字,,,,,,,,,,,,,,,,,,,,,真空度：-847 T:19.9℃
98,2025.7.4,B250318-1-5 M5,1,5.18,6.2,22,,2.47,10.89,激光,,,,,,,,,,,,,,,,,,,,,真空度：-847 T:19.9℃
99,2025.7.8,B250527-1-3 M1,2,5.18,6.09,22,,5.05,11.23,十字,,,,,,,,,,,,,,,,,,,,,真空度：-852 T:20.0℃
100,2025.7.8,B250527-1-3 M2,1,5.62,6.09,22,,5.05,11.23,激光,,,,,,,,,,,,,,,,,,,,,真空度：-852 T:20.0℃
101,2025.7.9,B250318-1-2 M6(大),1,5.62,6.6,22,,2.83,10.15,激光,,,,,,,,,,,,,,,,,,,,,真空度：-853 T:19.9℃
102,2025.7.9,B250318-1-5 M4,1,5.18,6.2,22,,2.47,10.89,激光,,,,,,,,,,,,,,,,,,,,,真空度：-853 T:19.9℃
103,2025.7.10,B250527-1-3 M3,0,5.62,6.09,22,,5.05,11.23,激光,,,,,,,,,,,,,,,,,,,,,真空度：-855 T:19.9℃
104,2025.7.10,B250318-1-9 M2,0,5.62,6.16,22,,4.51,10.17,激光,,,,,,,,,,,,,,,,,,,,,真空度：-855 T:19.8℃
105,2025.7.10,B250527-1-3 M4,0,5.62,6.09,22,,5.05,11.23,激光,,,,,,,,,,,,,,,,,,,,,真空度：-854 T:19.8℃
106,2025.7.11,B250318-1-9 M4,1,5.18,6.16,22,,,,激光,,,,,,,,,,,,,,,,,,,,,真空度：-856 T:20.0℃
107,2025.7.11,B250527-1-3 M5,2,5.18,6.09,22,,5.05,11.23,激光,,,,,,,,,,,,,,,,,,,,,真空度：-855 T:20.0℃
108,2025.7.11,B250318-1-2 M6(小),1,6.05,6.6,22,,2.83,10.15,激光,,,,,,,,,,,,,,,,,,,,,真空度：-855 T:20.0℃
109,2025.7.15,B250527-1-3 M7,2,5.18,6.09,22,,5.05,11.23,十字,,,,,,,,,,,,,,,,,,,,,真空度：-842 T:20.1℃
110,2025.7.15,B250318-1-9 M6,0,5.85,6.16,22,,,,十字,,,,,,,,,,,,,,,,,,,,,真空度：-842 T:20.0℃
111,2025.7.15,B250318-1-9 M5,0,5.85,6.16,22,,,,十字,,,,,,,,,,,,,,,,,,,,,真空度：-842 T:20.1℃
112,2025.7.15,B250527-1-3 M6,0,5.62,6.09,22,,5.05,11.23,激光,,,,,,,,,,,,,,,,,,,,,真空度：-842 T:20.0℃
113,2025.7.16,B250527-1-3 M8,1,5.85,6.09,22,,5.05,11.23,激光,,,,,,,,,,,,,,,,,,,,,真空度：-849 T:19.9℃
114,2025.7.16,B250527-1-5 M8,0,5.85,6.21,22,,6.87,10.93,激光,,,,,,,,,,,,,,,,,,,,,真空度：-850 T:20.0℃
115,2025.7.16,B250326-1-4 M1,0,5.18,6.65,22,,6.39,10.47,激光,,,,,,,,,,,,,,,,,,,,,真空度：-850 T:19.9℃
116,2025.7.18,B250527-1-3 M9,0,5.85,6.09,22,,5.05,11.23,激光,,,,,,,,,,,,,,,,,,,,,真空度：-852 T:19.9℃
117,2025.7.18,B250318-1-9 M7,1,5.85,6.16,22,,4.51,10.17,激光,,,,,,,,,,,,,,,,,,,,,真空度：-850 T:20.0℃
118,2025.7.18,B250318-1-9 M8,2,5.85,6.16,22,,4.51,10.17,激光,,,,,,,,,,,,,,,,,,,,,真空度：-850 T:19.9℃
119,2025.7.18,B250318-1-9 M9,0,5.18,6.16,24,,4.51,10.17,激光,,,,,,,,,,,,,,,,,,,,,真空度：-849 T:20.0℃
120,2025.7.21,B250527-1-5 M1,1,5.18,6.21,24,,6.87,10.93,激光,,,,,,,,,,,,,,,,,,,,,真空度：-855 T:19.9℃
121,2025.7.21,B250326-1-3-B M2,1,5.18,6.79,24,,,,激光,,,,,,,,,,,,,,,,,,,,,真空度：-854 T:19.9℃
122,2025.7.21,B250527-1-5 M2,2,5.18,6.21,24,,6.87,10.93,激光,,,,,,,,,,,,,,,,,,,,,真空度：-853 T:19.9℃
123,2025.7.21,B250425-1-6-B M2,0,5.18,6.27,24,,,,激光,,,,,,,,,,,,,,,,,,,,,真空度：-852 T:19.9℃
124,2025.7.24,B250527-1-5 M4,2,5.18,6.21,24,,6.87,10.93,激光,,,,,,,,,,,,,,,,,,,,,真空度：-851 T:20.0℃
125,2025.7.24,B250326-1-4 M2,1,5.18,6.65,24,,,,激光,,,,,,,,,,,,,,,,,,,,,真空度：-850 T:19.9℃
126,2025.7.24,B250318-1-9 M1,1,5.85,6.16,24,,,,十字,,,,,,,,,,,,,,,,,,,,,真空度：-850 T:20.0℃
127,2025.7.24,B250326-1-3 M4,2,5.18,6.79,24,,,,激光,,,,,,,,,,,,,,,,,,,,,真空度：-849 T:20.0℃
128,2025.07.25,B250318-1-9 M3,1,5.85,6.65,24,,,,十字,,,,,,,,,,,,,,,,,,,,,真空度：-850 T:20.0℃
129,2025.07.25,B250527-1-5 M5,2,5.18,6.21,24,,6.87,10.93,激光,,,,,,,,,,,,,,,,,,,,,真空度：-850 T:20.0℃
130,2025.07.25,B250527-1-5 M6,2,5.18,6.21,24,,,,激光,,,,,,,,,,,,,,,,,,,,,真空度：-850 T:19.9℃
131,2025.07.25,B250425-1-7 M2,1,5.18,6.18,24,,,,激光,,,,,,,,,,,,,,,,,,,,,真空度：-845 T:20.0℃
132,2025.07.25,B250520-1-3-A M1,0,5.18,6.1,24,,,,激光,,,,,,,,,,,,,,,,,,,,,真空度：-845 T:20.0℃
133,2025.07.25,B250417-1-6 M1,0,5.18,6.08,24,,6.27,10.26,十字,,,,,,,,,,,,,,,,,,,,,真空度：-846 T:19.9℃
134,2025.07.30,B250417-1-6 M4,1,5.31,6.08,24,,,,激光,,,,,,,,,,,,,,,,,,,,,真空度：-848 T:19.8℃
135,2025.07.30,B250425-1-6 M1,0,5.31,6.27,24,,,,激光,,,,,,,,,,,,,,,,,,,,,真空度：-848 T:19.9℃
136,2025.07.31,B250425-1-6 M6,0,5.31,6.27,24,,,,激光,,,,,,,,,,,,,,,,,,,,,真空度：-849 T:19.9℃
137,2025.07.31,B250425-1-6 M3,2,5.31,6.27,24,,,,十字,,,,,,,,,,,,,,,,,,,,,真空度：-847 T:20.0℃
138,2025.08.01,B250425-1-6 M8,2,5.31,6.27,24,,,,激光,,,,,,,,,,,,,,,,,,,,,真空度：-846 T:19.8℃
139,2025.08.01,B250425-1-6 M7,2,5.31,6.27,24,,,,激光,,,,,,,,,,,,,,,,,,,,,真空度：-845 T:19.9℃
140,2025.08.01,B250425-1-6 M9,1,5.31,6.27,24,,,,十字,,,,,,,,,,,,,,,,,,,,,真空度：-845 T:19.9℃
141,2025.08.04,B250417-1-6 M5,1,5.31,6.08,24,,6.27,10.26,激光,,,,,,,,,,,,,,,,,,,,,真空度：-845 T:19.9℃
142,2025.08.04,B250417-1-6 M3,1,5.31,6.08,24,,6.27,10.26,十字,,,,,,,,,,,,,,,,,,,,,真空度：-844 T:19.9℃
143,2025.08.05,B250520-1-3 M2,1,5.31,6.1,24,,,,激光,,,,,,,,,,,,,,,,,,,,,真空度：-843 T:19.8℃
144,2025.08.05,B250425-1-7 M1,2,5.31,6.08,24,,6.3,11.23,激光,,,,,,,,,,,,,,,,,,,,,真空度：-849 T:19.8℃
145,2025.08.05,B250425-1-7 M4,1,5.31,6.08,24,,6.3,11.23,十字,,,,,,,,,,,,,,,,,,,,,真空度：-849 T:19.9℃
146,2025.08.05,B250425-1-7 M8,2,5.31,6.08,24,,6.3,11.23,激光,,,,,,,,,,,,,,,,,,,,,真空度：-848 T:19.9℃
147,2025.08.05,B250425-1-7 M3,1,5.31,6.08,24,,6.3,11.23,激光,,,,,,,,,,,,,,,,,,,,,真空度：-848 T:19.9℃
148,2025.08.06,B250425-1-7 M7,2,5.31,6.08,24,,6.3,11.23,激光,,,,,,,,,,,,,,,,,,,,,真空度：-850 T:20.0℃
149,2025.08.07,B250425-1-7 M5,1,5.31,6.08,24,,6.3,11.23,激光,,,,,,,,,,,,,,,,,,,,,真空度：-852 T:19.8℃
150,2025.08.07,B250425-1-7 M9,1,5.31,6.08,24,,6.3,11.23,激光,150.88,149.88,147.93,148.75,170.66,168.68,168.45,169.16,5.316 ,5.285 ,5.331 ,5.354 ,5.258 ,5.997 ,6.040 ,6.075 ,6.096 ,6.179 ,,,真空度：-851 T:19.9℃
151,2025.08.07,B250417-1-6 M6,1,5.31,6.08,24,,6.27,10.26,激光,,,,,,,,,,,,,,,,,,,,,真空度：-851 T:19.9℃
152,2025.08.07,B250417-1-6 M7,2,5.31,6.08,24,,6.27,10.26,激光,,,,,,,,,,,,,,,,,,,,,真空度：-851 T:21.5℃
153,2025.08.07,B250417-1-6 M8,2,5.31,6.08,24,,6.27,10.26,激光,,,,,,,,,,,,,,,,,,,,,真空度：-851 T:20.2℃
154,2025.08.07,B250417-1-6 M9,1,5.31,6.08,24,,6.27,10.26,激光,,,,,,,,,,,,,,,,,,,,,真空度：-850 T:19.9℃
155,2025.08.07,B250520-1-3 M3,1,5.31,6.1,24,,7.24,11.01,激光,149.81,148.14,148.19,150.19,169.5,169.81,170.71,170.73,5.316 ,5.285 ,5.331 ,5.354 ,5.258 ,6.147 ,6.108 ,5.947 ,6.076 ,6.057 ,,,真空度：-848 T:20.2℃
156,2025.08.08,B250520-1-3 M5,1,5.31,6.1,24,,7.24,11.01,激光,150.06,148.25,147.12,148.52,168.41,169.34,170.05,168.76,5.316 ,5.285 ,5.331 ,5.354 ,5.258 ,6.147 ,6.108 ,5.947 ,6.076 ,6.057 ,,,真空度：-848 T:19.9℃
157,2025.08.08,B250520-1-3 M6,1,5.31,6.1,24,,7.24,11.01,激光,,,,,,,,,,,,,,,,,,,,,真空度：-847 T:19.9℃
158,2025.08.08,B250520-1-3 M4,1,5.31,6.1,24,,7.24,11.01,激光,,,,,,,,,,,,,,,,,,,,,真空度：-847 T:20.1℃
159,2025.08.08,B250520-1-3 M8,1,5.31,6.1,24,,7.24,11.01,激光,,,,,,,,,,,,,,,,,,,,,真空度：-848 T:20.0℃
160,2025.08.08,B250520-1-3 M7,2,5.31,6.1,24,,7.24,11.01,激光,150.49,150.13,149.13,150.07,168.87,170.74,170.85,169.44,5.316 ,5.285 ,5.331 ,5.354 ,5.258 ,6.147 ,6.108 ,5.947 ,6.076 ,6.057 ,,,真空度：-848 T:20.0℃
161,2025.08.08,B250520-1-3 M9,1,5.31,6.1,24,,7.24,11.01,激光,,,,,,,,,,,,,,,,,,,,,真空度：-849 T:19.9℃
162,2025.08.12,B250609-1-2-A M1,1,5.31,6.11,24,软件bug（通讯中断）,6.79,10.01,十字,,,,,,,,,,,,,,,,,,,,,真空度：-851 T:19.8℃
163,2025.08.14,B250609-1-2 M6,1,5.31,6.11,24,,6.79,10.01,十字,,,,,,,,,,,,,,,,,,,,,真空度：-853 T:20.1℃
164,2025.08.14,B250609-1-2 M4,1,5.31,6.11,24,,6.79,10.01,激光,151.4,149.96,148.64,149.17,170.02,169.62,170.21,170.16,5.316 ,5.285 ,5.331 ,5.354 ,5.258 ,6.081 ,6.038 ,6.071 ,6.026 ,6.058 ,,,真空度：-853 T:20.1℃
165,2025.08.15,B250609-1-2 M7,2,5.31,6.11,24,,6.79,10.01,激光,,,,,,,,,,,,,,,,,,,,,真空度：-854 T:19.9℃
166,2025.08.15,B250609-1-2 M8,1,5.62,6.11,24,,6.79,10.01,十字,,,,,,,,,,,,,,,,,,,,,真空度：-853 T:20.0℃
167,2025.08.18,B250609-1-2 M9,1,5.62,6.11,24,,6.79,10.01,激光,148.11,146.73,147.31,148.4,172.68,172.47,173.58,173.13,5.437 ,5.573 ,5.654 ,5.690 ,5.698 ,6.081 ,6.038 ,6.071 ,6.026 ,6.058 ,,,真空度：-851 T:20.0℃
168,2025.08.20,B250520-1-7 左615,2,5.62,5.53,24,,,,十字,,,,,,,,,,,,,,,,,,,,,真空度：-849 T:19.9℃
169,2025.08.21,B250520-1-6 左615,1,5.62,6.09,24,,,,激光,,,,,,,,,,,,,,,,,,,,,真空度：-850 T:19.9℃
170,2025.08.22,B250520-1-7 右615,2,5.62,5.53,24,,,,激光,148.45,145.75,147.33,149.04,165.61,165.94,166.31,165.92,5.437 ,5.573 ,5.654 ,5.690 ,5.698 ,5.293 ,5.746 ,5.606 ,5.530 ,5.537 ,,,真空度：-851 T:19.9℃
171,2025.08.22,B250520-1-6 右615,1,5.62,6.09,24,,,,十字,,,,,,,,,,,,,,,,,,,,,真空度：-852 T:19.9℃
172,2025.09.01,B250609-1-3 右615,2,5.66,6.47,24,,,,激光,150.4,146.96,147.84,150.92,171.74,171.49,171.54,171.73,5.437 ,5.573 ,5.654 ,5.690 ,5.698 ,6.383 ,6.402 ,6.583 ,6.698 ,6.429 ,,,真空度：-848 T:20.2℃
173,2025.09.07,B250703-1-2 左615,1,5.62,5.59,22,,,,激光,154.22,152.9,152.01,152.67,169.37,170.1,171.32,170.76,5.437 ,5.573 ,5.654 ,5.690 ,5.698 ,5.576 ,5.464 ,5.449 ,5.620 ,5.590 ,,,真空度：-854 T:19.9℃
174,2025.09.10,B250818-2-2 M1,1,5.62,6.43,22,,,,激光,147.9,148.57,149.22,147.49,169.36,169.21,169.99,169.89,5.437 ,5.573 ,5.654 ,5.690 ,5.698 ,6.336 ,6.313 ,6.416 ,6.452 ,6.395 ,,,真空度：-852 T:20.0℃
175,2025.09.12,B250818-2-2 M2,1,5.62,6.43,21,,,,激光,,,,,,,,,,,,,,,,,,,,,真空度：-851 T:19.9℃
176,2025.09.15,B250818-2-2 M3,1,5.62,6.43,21,,,,激光,,,,,,,,,,,,,,,,,,,,,真空度：-852 T:19.9℃
177,2025.09.17,B250724-1-2 M1,1,5.62,6.09,23,,,,激光,149.24,148.26,146.22,147.34,171.15,172.06,173.79,171.88,5.437 ,5.573 ,5.654 ,5.690 ,5.698 ,6.019 ,6.256 ,6.106 ,6.039 ,6.034 ,,,真空度：-859 T:20.6℃
178,2025.09.18,B250725-1-2 左搭载,1,5.62,6.27,22,二所修机台,,,激光,149.23,147.86,147.73,147.82,170.57,171.07,171.45,171.68,5.437 ,5.573 ,5.654 ,5.690 ,5.698 ,6.185 ,6.324 ,6.268 ,6.225 ,6.392 ,,,真空度：-858 T:19.8℃
179,2025.09.18,B250725-1-3 右搭载,0,5.62,6.72,20,,,,激光,149.19,146.67,147.75,147.4,168.94,169.94,169.09,168.22,5.437 ,5.573 ,5.654 ,5.690 ,5.698 ,6.683 ,6.747 ,6.678 ,6.627 ,6.622 ,,,真空度：-858 T:19.9℃
180,2025.09.18,B250818-2-2 M4,1,5.62,6.43,21,,,,激光,148.29,147.05,148.01,149.29,170.52,171,171.09,171.25,5.437 ,5.573 ,5.654 ,5.690 ,5.698 ,6.336 ,6.313 ,6.416 ,6.452 ,6.395 ,,,真空度：-858 T:20.1℃
181,2025.09.19,B250818-2-2 M5,1,5.62,6.43,21,,,,激光,,,,,,,,,,,,,,,,,,,,,真空度：-854 T:19.9℃
182,2025.09.22,B250818-2-2 M6,1,5.62,6.43,21,,,,激光,151.47,150.12,149.86,149.04,170.76,171.28,171.49,171.64,5.437 ,5.573 ,5.654 ,5.690 ,5.698 ,6.336 ,6.313 ,6.416 ,6.452 ,6.395 ,,,真空度：-859 T:20.0℃
183,2025.09.22,B250818-2-2 M7,1,5.62,6.43,21,,,,激光,151.17,149.84,149.55,149.99,172.95,173.61,173.55,173.59,5.437 ,5.573 ,5.654 ,5.690 ,5.698 ,6.336 ,6.313 ,6.416 ,6.452 ,6.395 ,,,真空度：-859 T:19.9℃
184,2025.09.22,B250703-1-3 左搭载,1,5.62,6.81,20,,,,激光,153.05,152.09,152.06,151.12,171.12,171.48,174.16,172.75,5.437 ,5.573 ,5.654 ,5.690 ,5.698 ,6.639 ,6.768 ,6.911 ,6.954 ,6.738 ,,,真空度：-857 T:20.1℃
185,2025.09.23,B250724-1-2 M2,1,5.62,6.09,23,,,,激光,151.52,148.9,148.39,150,169.67,170.1,170.69,170.61,5.437 ,5.573 ,5.654 ,5.690 ,5.698 ,6.019 ,6.256 ,6.106 ,6.039 ,6.034 ,,,真空度：-856 T:19.9℃
186,2025.09.23,B250724-1-2 M5,1,5.62,6.09,23,,,,激光,152.3,151.33,150.22,151.43,172.7,172.61,173.2,173.05,5.437 ,5.573 ,5.654 ,5.690 ,5.698 ,6.019 ,6.256 ,6.106 ,6.039 ,6.034 ,,,真空度：-854 T:20.0℃
187,2025.09.24,B250521-1-5 左搭载,1,5.62,6.54,21,,,,激光,151.02,150.53,149.22,149.92,169.35,170.24,173.51,172.4,5.437 ,5.573 ,5.654 ,5.690 ,5.698 ,6.330 ,6.557 ,6.642 ,6.593 ,6.772 ,,,真空度：-855 T:19.9℃
188,2025.09.24,B250725-1-4 无,1,5.86,6.93,20,,6.69,10.89,激光,149.69,148.91,148.15,148.96,171.72,171.02,170.79,171.51,,,,,,,,,,,,,真空度：-853 T:19.9℃
189,2025.09.25,B250818-2-2 M8,1,5.62,6.43,21,,,,激光,151.11,151.09,150.01,150.42,174.54,175.26,175.54,175.82,5.437 ,5.573 ,5.654 ,5.690 ,5.698 ,6.336 ,6.313 ,6.416 ,6.452 ,6.395 ,,,真空度：-856 T:20.2℃
190,2025.09.25,B250818-2-2 M9,1,5.62,6.43,21,,,,激光,151.82,152.29,150.92,150.84,174.15,173.72,174.82,173.91,5.437 ,5.573 ,5.654 ,5.690 ,5.698 ,6.336 ,6.313 ,6.416 ,6.452 ,6.395 ,,,真空度：-857 T:20.0℃
191,2025.09.26,B250724-1-2 M6,1,5.62,6.09,23,,,,激光,153.96,152.46,152.27,152.67,170.98,171.44,171.52,172.12,5.437 ,5.573 ,5.654 ,5.690 ,5.698 ,6.019 ,6.256 ,6.106 ,6.039 ,6.034 ,,,真空度：-858 T:20.1℃
192,2025.09.26,B250724-1-2 M7,2,5.62,6.09,23,,,,激光,153.6,152,151.58,150.95,170.5,171.53,171.84,170.86,5.437 ,5.573 ,5.654 ,5.690 ,5.698 ,6.019 ,6.256 ,6.106 ,6.039 ,6.034 ,,,真空度：-859 T:20.0℃
193,2025.09.30,B250725-1-4 M2,1,5.86,6.93,20,,6.69,10.89,激光,150.36,150.26,149.5,149.91,173.1,173.55,174.25,172.54,6.463 ,5.381 ,5.558 ,6.140 ,5.832 ,6.979 ,6.889 ,6.870 ,6.930 ,6.907 ,,,真空度：-853 T:19.9℃
194,2025.10.15,B250521-1-5 右,1,5.62,6.54,21,,,,激光,149.61,147.79,148.1,146.46,171.95,173.46,171.37,170.78,5.437 ,5.573 ,5.654 ,5.690 ,5.698 ,6.330 ,6.557 ,6.642 ,6.593 ,6.772 ,,,真空度：-854 T:20.1℃
195,2025.10.15,B250703-1-3 右,1,5.62,6.81,20,,,,激光,147.9,148.08,147.32,148.88,171.46,171.16,170.7,170.45,5.437 ,5.573 ,5.654 ,5.690 ,5.698 ,6.639 ,6.768 ,6.911 ,6.954 ,6.738 ,,,真空度：-854 T:20.1℃
196,2025.10.16,B250725-1-4 M3,0,5.86,6.93,20,停电关机,6.69,10.89,激光,147.93,147.52,146.81,147.62,171.95,171.48,172.27,173.96,5.437 ,5.573 ,5.654 ,5.690 ,5.698 ,6.979 ,6.889 ,6.870 ,6.930 ,6.907 ,,,真空度：-857 T:20.2℃
197,2025.10.17,B250724-1-2 M9,1,5.62,6.09,22,,5.49,10.71,激光,149.14,149.07,148.25,147.81,171.31,171.52,172.2,171.77,5.437 ,5.573 ,5.654 ,5.690 ,5.698 ,6.019 ,6.256 ,6.106 ,6.039 ,6.034 ,,,真空度：-860 T:20.2℃
198,2025.10.21,B250818-2-5 M3,1,5.62,6.27,22,,,,激光,,,,,,,,,,,,,,,,,,,,,真空度：-861 T:20.0℃
199,2025.10.24,B250818-2-5 M4,2,5.62,6.27,22,,,,激光,153.26,151.14,151.06,150.75,172,172.1,172.8,172.72,5.437 ,5.573 ,5.654 ,5.690 ,5.698 ,6.400 ,6.368 ,6.293 ,6.251 ,6.268 ,,,真空度：-862 T:20.1℃
200,2025.10.24,B250818-2-5 M8,2,5.62,6.27,22,,,,激光,152.17,150.88,151,152.17,171.34,171.06,171.68,171.06,5.437 ,5.573 ,5.654 ,5.690 ,5.698 ,6.400 ,6.368 ,6.293 ,6.251 ,6.268 ,,,真空度：-862 T:20.3℃
201,2025.10.29,GZ251017-1-B M4,2,5.62,6.3,20,,,,激光,150.34,148.86,148.54,150.61,172.23,171.94,172.43,172.4,5.437 ,5.573 ,5.654 ,5.690 ,5.698 ,6.260 ,6.514 ,6.225 ,6.290 ,6.194 ,,,真空度：-852 T:20.1℃
202,2025.10.31,B250703-1-6 左,0,5.62,6.18,20,,,,激光,148.22,147.86,147.63,148.93,170.98,171.79,173.84,173.26,5.437 ,5.573 ,5.654 ,5.690 ,5.698 ,6.163 ,6.107 ,6.232 ,6.170 ,6.208 ,,,真空度：-855 T:20.1℃
203,2025.10.31,B250703-1-6 右,1,5.62,6.18,21,,,,激光,147.91,145.27,146.96,147.6,173.17,175.42,174.21,173.4,5.437 ,5.573 ,5.654 ,5.690 ,5.698 ,6.163 ,6.107 ,6.232 ,6.170 ,6.208 ,,,真空度：-855 T:20.0℃
204,2025.10.31,B250725-1-5 左,1,5.62,6.47,21,,,,激光,147.62,146.31,146.86,147.83,169.15,170.82,171.37,170.7,5.437 ,5.573 ,5.654 ,5.690 ,5.698 ,6.487 ,6.495 ,6.375 ,6.487 ,6.485 ,,,真空度：-855 T:20.0℃
205,2025.11.05,GZ251017-1-B M2,1,6.09,6.3,19,,,,激光,151.78,149.26,148.99,150.11,169.56,170.44,170.7,170.13,6.032 ,5.995 ,6.205 ,6.114 ,6.102 ,6.260 ,6.514 ,6.225 ,6.290 ,6.194 ,,,真空度：-854 T:20.0℃
206,2025.11.06,B251023-1-3 M5,0,6.09,6.56,19,,6.08,11.12,激光,149.94,148.47,150.58,151.04,169.51,169.95,170.1,169.73,6.032 ,5.995 ,6.205 ,6.114 ,6.102 ,6.485 ,6.596 ,6.606 ,6.598 ,6.517 ,,,真空度：-855 T:20.1℃
207,2025.11.06,B251023-2-4 M1,0,6.09,6.58,19,,6.32,11.01,激光,151.52,149.52,149.05,150.74,168.98,170.65,171.42,169.89,6.032 ,5.995 ,6.205 ,6.114 ,6.102 ,6.497 ,6.633 ,6.465 ,6.636 ,6.690 ,,,真空度：-855 T:19.9℃
208,2025.11.11,B251023-2-4 M2,0,6.09,6.58,19,,6.32,11.01,激光,152.16,149.72,148.94,149.61,169.78,170.05,171.07,170.43,6.032 ,5.995 ,6.205 ,6.114 ,6.102 ,6.497 ,6.633 ,6.465 ,6.636 ,6.690 ,,,真空度：-856 T:19.9℃
209,2025.11.11,B251023-2-4 M4,1,6.09,6.58,19,,6.32,11.01,激光,149.25,148.66,149.37,149.79,171.21,172.88,172.89,171.75,6.032 ,5.995 ,6.205 ,6.114 ,6.102 ,6.497 ,6.633 ,6.465 ,6.636 ,6.690 ,,,真空度：-856 T:19.9℃
210,2025.11.11,B251023-2-4 M6,0,6.09,6.58,19,,6.32,11.01,激光,150.83,147.9,149.13,150.16,172.55,172.53,172.66,172.62,6.032 ,5.995 ,6.205 ,6.114 ,6.102 ,6.497 ,6.633 ,6.465 ,6.636 ,6.690 ,,,真空度：-854 T:20.1℃
211,2025.11.12,B250723-2-7 M1,0,6.09,6.26,19,,6.03,10.91,激光,151.48,149.7,150.24,151.41,169.43,170.56,171.36,170.5,6.032 ,5.995 ,6.205 ,6.114 ,6.102 ,6.297 ,6.365 ,6.200 ,6.168 ,6.264 ,,,真空度：-855 T:20.3℃
212,2025.11.12,B251022-2-2 M3,0,6.09,6.65,19,,,,激光,150.86,149.23,149.01,150.63,169.91,170.5,170.82,170.65,6.032 ,5.995 ,6.205 ,6.114 ,6.102 ,6.695 ,6.512 ,6.778 ,6.574 ,6.667 ,,,真空度：-855 T:20.2℃
213,2025.11.12,B251023-2-4 M9,0,6.09,6.58,19,,6.32,11.01,激光,150.19,149.4,149.61,150.96,171.51,172.02,172.1,172.31,6.032 ,5.995 ,6.205 ,6.114 ,6.102 ,6.497 ,6.633 ,6.465 ,6.636 ,6.690 ,,,真空度：-856 T:20.3℃
214,2025.11.13,B251023-2-4 M7,0,6.09,6.58,19,,6.32,11.01,激光,150.61,148.33,148.75,150.8,168.23,169.82,170.04,168.99,6.032 ,5.995 ,6.205 ,6.114 ,6.102 ,6.497 ,6.633 ,6.465 ,6.636 ,6.690 ,,,真空度：-859 T:20.2℃
215,2025.11.13,B251023-2-4 M8,0,6.09,6.58,19,,6.32,11.01,激光,151.05,148.71,148.57,150.5,172.86,173.36,173.94,172.88,6.032 ,5.995 ,6.205 ,6.114 ,6.102 ,6.497 ,6.633 ,6.465 ,6.636 ,6.690 ,,,真空度：-859 T:20.2℃
216,2025.11.14,B251023-1-3 M2,0,6.09,6.56,19,,6.08,11.12,激光,153.29,151.39,151.22,151.48,172.36,171.54,172.91,172.85,6.032 ,5.995 ,6.205 ,6.114 ,6.102 ,6.485 ,6.596 ,6.606 ,6.598 ,6.517 ,,,真空度：-855 T:20.2℃
217,2025.11.14,B251023-1-3 M3,0,6.09,6.56,19,,6.08,11.12,激光,153.37,150.75,151.05,152.06,174.61,174,174.69,175.28,6.032 ,5.995 ,6.205 ,6.114 ,6.102 ,6.485 ,6.596 ,6.606 ,6.598 ,6.517 ,,,真空度：-854 T:20.3℃
218,2025.11.15,B251107-2-5 M3,0,6.09,6.28,19,,6.18,11.06,激光,148.36,148.48,148.27,148.96,169.04,169.85,170,169.83,6.032 ,5.995 ,6.205 ,6.114 ,6.102 ,6.325 ,6.262 ,6.261 ,6.266 ,6.298 ,,,真空度：-857 T:20.0℃
219,2025.11.15,B251107-2-6 M2,0,6.09,6.6,19,,6.15,10.74,激光,148.69,147.67,147.07,149,174.28,174.67,175.99,174.61,6.032 ,5.995 ,6.205 ,6.114 ,6.102 ,6.534 ,6.626 ,6.539 ,6.670 ,6.643 ,,,真空度：-856 T:20.2℃
220,2025.11.15,B251107-2-6 M1,0,6.09,6.6,19,,6.15,10.74,激光,153.23,150.92,150.35,152.34,173.11,173.71,173.98,174.35,6.032 ,5.995 ,6.205 ,6.114 ,6.102 ,6.534 ,6.626 ,6.539 ,6.670 ,6.643 ,,,真空度：-857 T:20.2℃
221,2025.11.15,B251107-2-5 M2,0,6.09,6.28,19,,6.18,11.06,激光,151.37,150.78,150.87,151.51,173.15,173.03,173.3,172.92,6.032 ,5.995 ,6.205 ,6.114 ,6.102 ,6.325 ,6.262 ,6.261 ,6.266 ,6.298 ,,,真空度：-856 T:20.3℃
222,2025.11.17,B251023-1-3 M4,0,6.09,6.26,19,,6.08,11.12,激光,150.29,150.3,149.97,151.39,170.58,171,171.11,171.22,6.032 ,5.995 ,6.205 ,6.114 ,6.102 ,6.485 ,6.596 ,6.606 ,6.598 ,6.517 ,,,真空度：-871 T:20.2℃
223,2025.11.18,B250723-2-7 M3,0,6.09,6.26,19,,6.03,10.91,激光,154.68,151.73,150.56,152.29,172.06,172.18,173.25,173.01,6.032 ,5.995 ,6.205 ,6.114 ,6.102 ,6.297 ,6.365 ,6.200 ,6.168 ,6.264 ,,,真空度：-866 T:20.0℃
224,2025.11.19,B251107-2-5 M7,0,6.09,6.28,19,,6.18,11.06,激光,149.68,147,146.43,148.27,168.81,169.15,169.14,168.85,6.032 ,5.995 ,6.205 ,6.114 ,6.102 ,6.325 ,6.262 ,6.261 ,6.266 ,6.298 ,,,真空度：-861 T:20.1℃
225,2025.11.19,B251107-2-5 M8,0,6.09,6.28,19,,6.18,11.06,激光,147.42,145.21,145.44,146.7,169.76,170.02,170.34,169.73,6.032 ,5.995 ,6.205 ,6.114 ,6.102 ,6.325 ,6.262 ,6.261 ,6.266 ,6.298 ,,,真空度：-859 T:20.2℃
226,2025.11.19,B251107-2-5 M9,0,6.09,6.28,19,,6.18,11.06,激光,147.93,145.82,145.9,147.31,169.69,170.44,170.32,170.14,6.032 ,5.995 ,6.205 ,6.114 ,6.102 ,6.325 ,6.262 ,6.261 ,6.266 ,6.298 ,,,真空度：-859 T:20.3℃
227,2025.11.20,B251107-2-5 M1,0,6.09,6.28,19,,6.18,11.06,激光,148.5,145.89,146.49,147.38,168.02,168.79,169.96,168.35,6.032 ,5.995 ,6.205 ,6.114 ,6.102 ,6.325 ,6.262 ,6.261 ,6.266 ,6.298 ,,,真空度：-860 T:20.2℃
228,2025.11.20,B251107-2-5 M4,0,6.09,6.28,19,,6.18,11.06,激光,148.4,145.91,145.82,146.2,169.12,168.12,169.9,169.38,6.032 ,5.995 ,6.205 ,6.114 ,6.102 ,6.325 ,6.262 ,6.261 ,6.266 ,6.298 ,,,真空度：-858 T:20.3℃
229,2025.11.20,B251107-2-5 M5,0,6.09,6.28,19,,6.18,11.06,激光,147.23,145.82,146.15,146.46,170.35,171.1,171.52,170.68,6.032 ,5.995 ,6.205 ,6.114 ,6.102 ,6.325 ,6.262 ,6.261 ,6.266 ,6.298 ,,,真空度：-858 T:20.3℃
230,2025.11.20,B251107-2-5 M6,0,6.09,6.28,19,,6.18,11.06,激光,148.86,145.44,145.66,146.99,170.04,170.77,170.77,169.84,6.032 ,5.995 ,6.205 ,6.114 ,6.102 ,6.325 ,6.262 ,6.261 ,6.266 ,6.298 ,,,真空度：-858 T:20.3℃
231,2025.11.24,B250723-2-7 M2,0,6.09,6.26,19,,6.03,10.91,激光,150.56,149.2,147.9,150.47,171.96,173.23,173.92,173.73,6.032 ,5.995 ,6.205 ,6.114 ,6.102 ,6.297 ,6.365 ,6.200 ,6.168 ,6.264 ,,,真空度：-858 T:20.3℃
232,2025.11.24,GZ251017-1 M5,0,6.09,6.3,19,,,,激光,151.22,150.13,148.65,150.19,171.48,172.21,173.13,172.42,6.032 ,5.995 ,6.205 ,6.114 ,6.102 ,6.260 ,6.514 ,6.225 ,6.290 ,6.194 ,,,真空度：-858 T:20.3℃
233,2025.11.25,B250723-2-7 M4,0,6.09,6.26,19,,6.03,10.91,激光,150.7,150.21,150.37,150.4,171.43,172.05,172.66,172.19,6.032 ,5.995 ,6.205 ,6.114 ,6.102 ,6.297 ,6.365 ,6.200 ,6.168 ,6.264 ,,,真空度：-854 T:20.0℃
234,2025.11.27,B251108-1-4 M2,0,6.09,6.16,19,,6.03,10.48,激光,148.84,147.07,145.98,147.45,172.39,172.47,172.39,172.15,6.032 ,5.995 ,6.205 ,6.114 ,6.102 ,6.126 ,6.136 ,6.163 ,6.169 ,6.213 ,,,真空度：-853 T:20.0℃
235,2025.11.27,B251108-1-5 M2,0,6.09,6.55,19,,5.76,10.11,激光,148.68,148.55,147.55,145.54,169.88,169.23,169.81,170.47,6.032 ,5.995 ,6.205 ,6.114 ,6.102 ,6.473 ,6.565 ,6.603 ,6.578 ,6.529 ,,,真空度：-850 T:20.3℃
236,2025.11.28,B250723-2-7 M6,0,6.09,6.26,19,,6.03,10.91,激光,151.91,150.46,149.8,150.05,172.87,173.87,174.29,173.91,6.032 ,5.995 ,6.205 ,6.114 ,6.102 ,6.297 ,6.365 ,6.200 ,6.168 ,6.264 ,,,真空度：-842 T:20.3℃
237,2025.12.1,B251107-2-6 M3,0,6.09,6.6,19,,6.15,10.74,激光,150.13,147.78,147.95,148.3,170.6,171.63,171.99,169.59,6.032 ,5.995 ,6.205 ,6.114 ,6.102 ,6.534 ,6.626 ,6.539 ,6.670 ,6.643 ,,,真空度：-842 T:20.2℃
238,2025.12.1,B251107-2-6 M5,0,6.09,6.6,19,,6.15,10.74,激光,151.81,148.83,148.97,150.74,171.65,173.34,172.93,172.57,6.032 ,5.995 ,6.205 ,6.114 ,6.102 ,6.534 ,6.626 ,6.539 ,6.670 ,6.643 ,,,真空度：-851 T:20.2℃
239,2025.12.1,B251107-2-6 M6,0,6.09,6.6,19,,6.15,10.74,激光,151.17,148.46,148.82,148.99,172.54,172.79,173.53,171.55,6.032 ,5.995 ,6.205 ,6.114 ,6.102 ,6.534 ,6.626 ,6.539 ,6.670 ,6.643 ,,,真空度：-848 T:20.3℃
240,2025.12.1,B250723-2-7 M5,0,6.09,6.26,19,,6.03,10.91,激光,149.52,150.51,148.9,148.99,171.65,172.25,172.84,172.58,6.032 ,5.995 ,6.205 ,6.114 ,6.102 ,6.297 ,6.365 ,6.200 ,6.168 ,6.264 ,,,真空度：-849 T:20.2℃
241,2025.12.3,B251108-1-4 M1,0,6.09,6.16,19,,6.03,10.48,十字,,,,,,,,,6.032 ,5.995 ,6.205 ,6.114 ,6.102 ,6.126 ,6.136 ,6.163 ,6.169 ,6.213 ,,,真空度：-858 T:20.3℃
242,2025.12.3,B251108-1-4 M3,0,6.09,6.16,19,,6.03,10.48,激光,150.86,151.14,150.64,150.38,170.04,170.58,170.08,171.06,6.032 ,5.995 ,6.205 ,6.114 ,6.102 ,6.126 ,6.136 ,6.163 ,6.169 ,6.213 ,,,真空度：-855 T:20.3℃
243,2025.12.3,B251108-1-4 M4,0,6.09,6.16,19,,6.03,10.48,激光,149.35,149.03,148.45,148.77,169.68,169.71,169.88,169.71,6.032 ,5.995 ,6.205 ,6.114 ,6.102 ,6.126 ,6.136 ,6.163 ,6.169 ,6.213 ,,,真空度：-855 T:20.3℃
244,2025.12.3,B251108-1-1 M1,0,6.09,6.36,19,,6.2,10.72,激光,149.85,149.56,148.67,148.66,166.05,167.58,168.29,165.67,6.032 ,5.995 ,6.205 ,6.114 ,6.102 ,6.376 ,6.394 ,6.384 ,6.389 ,6.343 ,,,真空度：-855 T:20.3℃
245,2025.12.3,B251108-1-2 M2,0,6.09,6.73,19,,6.23,10.59,激光,149.55,149.3,149.01,149.06,171.67,172.32,173.46,172.29,6.032 ,5.995 ,6.205 ,6.114 ,6.102 ,6.748 ,6.726 ,6.815 ,6.756 ,6.626 ,,,真空度：-854 T:20.2℃
246,2025.12.4,B251023-1-3 M6,0,5.77,6.56,19,,6.08,11.12,十字,,,,,,,,,5.895 ,5.863 ,5.775 ,5.745 ,5.576 ,6.485 ,6.596 ,6.606 ,6.598 ,6.517 ,,,真空度：-856 T:20.3℃
247,2025.12.4,B251023-1-3 M7,0,5.77,6.56,19,,6.08,11.12,激光,148.1,147.48,146.45,147.07,170.3,171.41,171.34,170.99,5.895 ,5.863 ,5.775 ,5.745 ,5.576 ,6.485 ,6.596 ,6.606 ,6.598 ,6.517 ,,,真空度：-856 T:20.3℃
248,2025.12.5,B251108-1-5 M4,0,5.77,6.55,19,,5.76,10.11,激光,148.9,147.17,148.22,147.77,170.31,170.75,171.34,169.06,5.895 ,5.863 ,5.775 ,5.745 ,5.576 ,6.473 ,6.565 ,6.603 ,6.578 ,6.529 ,,,真空度：-853 T:20.2℃
249,2025.12.5,B251108-1-5 M5,0,5.77,6.55,19,,5.76,10.11,激光,149.39,148.11,148.45,148.7,170.72,170.83,170.73,171.34,5.895 ,5.863 ,5.775 ,5.745 ,5.576 ,6.473 ,6.565 ,6.603 ,6.578 ,6.529 ,,,真空度：-849 T:20.3℃
250,2025.12.8,B251108-1-5 M7,0,5.77,6.55,19,,5.76,10.11,激光,151.21,151.47,150.2,149.12,168.12,168.18,168.4,168.69,5.895 ,5.863 ,5.775 ,5.745 ,5.576 ,6.473 ,6.565 ,6.603 ,6.578 ,6.529 ,,,真空度：-855 T:20.3℃
251,2025.12.8,B251108-1-5 M8,0,5.77,6.55,19,,5.76,10.11,激光,149.91,149.46,148.57,147.94,168.01,167.74,168.19,168.43,5.895 ,5.863 ,5.775 ,5.745 ,5.576 ,6.473 ,6.565 ,6.603 ,6.578 ,6.529 ,,,真空度：-855 T:20.3℃
252,2025.12.9,B251108-1-2 M1,0,5.77,6.73,19,,6.23,10.59,十字,,,,,,,,,5.895 ,5.863 ,5.775 ,5.745 ,5.576 ,6.748 ,6.726 ,6.815 ,6.756 ,6.626 ,,,真空度：-854 T:20.1℃
253,2025.12.9,B251108-1-2 M3,0,5.77,6.73,19,,6.23,10.59,激光,147.66,146.79,146.52,146.88,170.19,171.02,171.82,172.27,5.895 ,5.863 ,5.775 ,5.745 ,5.576 ,6.748 ,6.726 ,6.815 ,6.756 ,6.626 ,,,真空度：-851 T:20.3℃
254,2025.12.9,B251108-1-2 M4,0,5.77,6.73,19,,6.23,10.59,十字,,,,,,,,,5.895 ,5.863 ,5.775 ,5.745 ,5.576 ,6.748 ,6.726 ,6.815 ,6.756 ,6.626 ,,,真空度：-851 T:20.2℃
255,2025.12.10,B251108-1-1 M2,0,5.77,6.27,19,,6.2,10.72,激光,146.41,148.36,148.23,147.87,171.71,171.27,172.08,171.39,5.895 ,5.863 ,5.775 ,5.745 ,5.576 ,6.376 ,6.394 ,6.384 ,6.389 ,6.343 ,,,真空度：-849 T:20.1℃
256,2025.12.10,B251108-1-1 M4,0,5.77,6.27,19,,6.2,10.72,激光,147.77,149.25,146.55,148.19,171.56,171.81,172.22,170.99,5.895 ,5.863 ,5.775 ,5.745 ,5.576 ,6.376 ,6.394 ,6.384 ,6.389 ,6.343 ,,,真空度：-849 T:20.2℃
257,2025.12.10,B251108-1-1 M3,0,5.77,6.27,19,,6.2,10.72,激光,149.27,148.83,147.18,147.87,171.4,172.16,172.44,171.84,5.895 ,5.863 ,5.775 ,5.745 ,5.576 ,6.376 ,6.394 ,6.384 ,6.389 ,6.343 ,,,真空度：-849 T:20.3℃
258,2025.12.11,B250609-1-7 右,0,5.77,6.09,19,,,,激光,148.92,148.68,147.02,148.28,171.9,171.88,171.31,171.01,5.895 ,5.863 ,5.775 ,5.745 ,5.576 ,6.060 ,6.027 ,6.076 ,6.141 ,6.123 ,,,真空度：-854 T:20.3℃
259,2025.12.11,B250609-1-7 左,0,5.77,6.09,19,,,,激光,149.34,149.03,147.61,148.22,169.79,169.81,172.13,171.92,5.895 ,5.863 ,5.775 ,5.745 ,5.576 ,6.060 ,6.027 ,6.076 ,6.141 ,6.123 ,,,真空度：-854 T:20.3℃
260,2025.12.11,B251107-2-4 右,0,5.77,6.09,19,,,,激光,149.17,148.87,147.34,148.32,169.24,170.25,171.42,170.1,5.895 ,5.863 ,5.775 ,5.745 ,5.576 ,6.251 ,6.212 ,6.118 ,6.172 ,6.253 ,,,真空度：-854 T:20.3℃
261,2025.12.11,B250723-2-3 左,0,5.77,6.09,19,,,,十字,,,,,,,,,5.895 ,5.863 ,5.775 ,5.745 ,5.576 ,6.230 ,6.181 ,6.265 ,6.234 ,6.233 ,,,真空度：-854 T:20.3℃
262,2025.12.12,B251107-2-4 左,0,5.77,6.2,19,,,,激光,148.69,148.66,147.52,148.13,171.22,172.78,172.61,171.1,5.895 ,5.863 ,5.775 ,5.745 ,5.576 ,6.251 ,6.212 ,6.118 ,6.172 ,6.253 ,,,真空度：-857 T:20.2℃
263,2025.12.12,B250821-1-4 右,0,5.77,6.14,19,,,,激光,148.75,148.03,147.64,147.1,173.94,175.77,175.67,175.09,5.895 ,5.863 ,5.775 ,5.745 ,5.576 ,6.045 ,6.151 ,6.126 ,6.238 ,6.144 ,,,真空度：-858 T:20.3℃
264,2025.12.12,B251108-1-6 M1,0,5.77,6.37,19,,6.05,10.05,激光,148.07,148.04,147.36,147.48,173.65,174.52,174.81,174.56,5.895 ,5.863 ,5.775 ,5.745 ,5.576 ,6.402 ,6.321 ,6.402 ,6.352 ,6.370 ,,,真空度：-858 T:20.2℃
265,2025.12.12,B251108-1-7 M2,0,5.77,6.34,19,,,,激光,150.83,150.15,149.56,150.24,170.7,170.49,171.62,171.5,5.895 ,5.863 ,5.775 ,5.745 ,5.576 ,6.369 ,6.265 ,6.474 ,6.269 ,6.304 ,,,真空度：-856 T:20.3℃
266,2025.12.16,B251108-1-1 M5,0,5.77,6.36,19,,6.2,10.72,激光,150.8,150.01,149.76,150.16,171.76,172.98,172.1,171.89,5.895 ,5.863 ,5.775 ,5.745 ,5.576 ,6.376 ,6.394 ,6.343 ,6.384 ,6.389 ,,,真空度：-852 T:20.3℃
267,2025.12.16,B251108-1-1 M6,0,5.77,6.36,19,,6.2,10.72,激光,151.36,151.05,149.81,150.12,172.3,172.67,172.95,172.15,5.895 ,5.863 ,5.775 ,5.745 ,5.576 ,6.376 ,6.394 ,6.343 ,6.384 ,6.389 ,,,真空度：-852 T:20.3℃
268,2025.12.16,B251108-1-2 M7,0,5.77,6.36,19,,6.23,10.59,激光,150.72,150.6,149.57,149.76,170.01,172.16,171.87,171,5.895 ,5.863 ,5.775 ,5.745 ,5.576 ,6.748 ,6.726 ,6.626 ,6.815 ,6.756 ,,,真空度：-851 T:20.1℃
269,2025.12.18,G2304009-CL1 M2,0,5.75,6.37,19,,,,激光,150.07,149.83,149.2,149.12,172.71,173.35,173.73,173.25,5.922 ,5.807 ,5.655 ,5.664 ,5.703 ,6.419 ,6.317 ,6.418 ,6.358 ,6.345 ,,,真空度：-842 T:20.3℃
270,2025.12.18,B251108-1-2 M5,0,5.75,6.73,19,,6.23,10.59,激光,150.21,149.51,149.13,149.46,171.2,172.32,171.44,171.51,5.922 ,5.807 ,5.655 ,5.664 ,5.703 ,6.748 ,6.726 ,6.626 ,6.815 ,6.756 ,,,真空度：-842 T:20.3℃
271,2025.12.18,B251108-1-1 M8,0,5.75,6.36,19,,6.2,10.72,激光,153.77,153.25,152.5,152.84,171.45,172.08,171.91,170.72,5.922 ,5.807 ,5.655 ,5.664 ,5.703 ,6.376 ,6.394 ,6.343 ,6.384 ,6.389 ,,,真空度：-842 T:20.3℃
272,2025.12.18,B251108-1-1 M7,0,5.75,6.36,19,,6.2,10.72,激光,149.13,148.28,147.86,148.26,171.41,173.17,171.64,172.32,5.922 ,5.807 ,5.655 ,5.664 ,5.703 ,6.376 ,6.394 ,6.343 ,6.384 ,6.389 ,,,真空度：-842 T:20.3℃
273,2025.12.18,B251108-1-2 M6,0,5.75,6.73,19,,6.23,10.59,十字,,,,,,,,,5.922 ,5.807 ,5.655 ,5.664 ,5.703 ,6.748 ,6.726 ,6.626 ,6.815 ,6.756 ,,,真空度：-842 T:20.3℃
274,2025.12.19,B240724-1-2 M8,0,5.77,6.09,19,,,,激光,149,148.23,148.4,148.51,172.35,169.22,173.21,171.06,5.895 ,5.863 ,5.775 ,5.745 ,5.576 ,6.091 ,6.149 ,6.112 ,6.042 ,6.051 ,,,真空度：-844 T:20.1℃
275,2025.12.19,B251118-1-4 M1,0,5.75,6.44,19,,6.32,10.59,激光,149.28,148.28,146.4,147.98,168.94,170.06,171.83,169.48,5.922 ,5.807 ,5.655 ,5.664 ,5.703 ,6.427 ,6.399 ,6.468 ,6.551 ,6.340 ,,,真空度：-845 T:20.3℃
276,2025.12.19,B251118-1-4 M2,0,5.75,6.44,19,,6.32,10.59,激光,149.3,148.72,147.8,148.47,170.11,171.32,170.68,169.33,5.922 ,5.807 ,5.655 ,5.664 ,5.703 ,6.427 ,6.399 ,6.468 ,6.551 ,6.340 ,,,真空度：-848 T:20.3℃
277,2025.12.19,B250724-1-2 M4,0,5.75,6.09,19,,,,激光,148.75,148.22,147.37,147.46,173.99,174.83,174.84,174.94,5.922 ,5.807 ,5.655 ,5.664 ,5.703 ,6.091 ,6.149 ,6.112 ,6.042 ,6.051 ,,,真空度：-845 T:20.3℃
278,2025.12.19,B250724-1-2 M3,0,6.09,6.09,19,,,,激光,146.46,146.33,146.54,145.45,170.97,170.48,171.52,172.26,6.032 ,5.995 ,6.205 ,6.114 ,6.102 ,6.091 ,6.149 ,6.112 ,6.042 ,6.051 ,,,真空度：-845 T:20.3℃
279,2025.12.19,B251118-1-5 M6,0,5.75,6.46,19,,6.04,10.77,激光,148.73,148.53,147.55,148,166.89,169.12,169.44,169.31,5.922 ,5.807 ,5.655 ,5.664 ,5.703 ,6.535 ,6.459 ,6.459 ,6.471 ,6.394 ,,,真空度：-846 T:20.3℃
280,2025.12.19,B251118-1-5 M5,0,5.75,6.46,19,,6.04,10.77,十字,,,,,,,,,5.922 ,5.807 ,5.655 ,5.664 ,5.703 ,6.535 ,6.459 ,6.459 ,6.471 ,6.394 ,,,真空度：-846 T:20.3℃
281,2025.12.22,B251108-1-6 M3,0,5.75,6.37,19,,6.05,10.05,激光,150.25,149.04,148.3,149.42,171.36,171.99,172.19,172.55,5.922 ,5.807 ,5.655 ,5.664 ,5.703 ,6.402 ,6.321 ,6.402 ,6.352 ,6.370 ,,,真空度：-848 T:20.3℃
282,2025.12.22,B251108-1-6 M2,0,5.75,6.37,19,,6.05,10.05,激光,150.07,148.62,148.52,149.05,172.88,172.61,169.76,172.51,5.922 ,5.807 ,5.655 ,5.664 ,5.703 ,6.402 ,6.321 ,6.402 ,6.352 ,6.370 ,,,真空度：-847 T:20.3℃
283,2025.12.23,B251108-1-6 M5,0,5.75,6.37,19,,6.05,10.05,激光,,,,,,,,,5.922 ,5.807 ,5.655 ,5.664 ,5.703 ,6.402 ,6.321 ,6.402 ,6.352 ,6.370 ,,,真空度：-852 T:20.1℃
284,2025.12.23,B251118-1-7 M1,0,5.75,6.24,19,,6.23,10.32,激光,149.02,147.89,147.89,148.03,171.12,172.01,173.63,171.82,5.922 ,5.807 ,5.655 ,5.664 ,5.703 ,6.187 ,6.220 ,6.253 ,6.166 ,6.399 ,,,真空度：-853 T:20.3℃
285,2025.12.23,B251118-1-7 M3,0,5.75,6.24,19,,6.23,10.32,激光,149.07,148.19,147.76,148.14,171.91,172.39,173.03,173.74,5.922 ,5.807 ,5.655 ,5.664 ,5.703 ,6.187 ,6.220 ,6.253 ,6.166 ,6.399 ,,,真空度：-852 T:20.3℃
286,2025.12.25,B251118-1-7 M4,0,5.75,6.24,19,,6.23,10.32,激光,149.26,149.09,148.36,149.19,173.61,174.57,174.99,174.21,5.922 ,5.807 ,5.655 ,5.664 ,5.703 ,6.187 ,6.220 ,6.253 ,6.166 ,6.399 ,,,真空度：-854 T:20.3℃
287,2025.12.25,B251118-1-7 M5,0,5.75,6.24,19,,6.23,10.32,十字,,,,,,,,,5.922 ,5.807 ,5.655 ,5.664 ,5.703 ,6.187 ,6.220 ,6.253 ,6.166 ,6.399 ,,,真空度：-854 T:20.2℃
288,2025.12.25,B251118-1-6 M2,0,5.75,6.21,19,,6.3,10.52,激光,147.77,148.1,146.55,149,175.59,176.38,175.93,175.75,5.922 ,5.807 ,5.655 ,5.664 ,5.703 ,6.234 ,6.193 ,6.187 ,6.245 ,6.202 ,,,真空度：-854 T:20.3℃
289,2025.12.26,B251118-1-6 M1,0,5.75,6.21,19,,6.3,10.52,激光,150.56,148.5,149.14,150.13,169.68,169.74,170.53,169.76,5.922 ,5.807 ,5.655 ,5.664 ,5.703 ,6.234 ,6.193 ,6.187 ,6.245 ,6.202 ,,,真空度：-851 T:20.3℃
290,2025.12.26,B251118-1-5 M2,0,5.75,6.46,19,,6.04,10.77,激光,150.48,149.06,150.23,150.41,169.5,170.48,170.97,170.37,5.922 ,5.807 ,5.655 ,5.664 ,5.703 ,6.535 ,6.459 ,6.459 ,6.471 ,6.394 ,,,真空度：-851 T:20.3℃
291,2025.12.26,B251118-1-5 M7,0,5.75,6.46,19,,6.04,10.77,十字,,,,,,,,,5.922 ,5.807 ,5.655 ,5.664 ,5.703 ,6.535 ,6.459 ,6.459 ,6.471 ,6.394 ,,,真空度：-851 T:20.3℃
292,2025.12.26,B251118-1-4 M4,0,5.75,6.44,19,,6.32,10.59,十字,,,,,,,,,5.922 ,5.807 ,5.655 ,5.664 ,5.703 ,6.427 ,6.399 ,6.468 ,6.551 ,6.340 ,,,真空度：-848 T:20.3℃
293,2025.12.26,B251118-1-4 M3,0,5.75,6.44,19,,6.32,10.59,激光,150.15,149.47,147.64,149.68,168.37,168.39,169.34,169.93,5.922 ,5.807 ,5.655 ,5.664 ,5.703 ,6.427 ,6.399 ,6.468 ,6.551 ,6.340 ,,,真空度：-848 T:20.3℃
294,2025.12.29,B251108-1-6 M7,0,5.75,6.37,19,,6.05,10.05,激光,147.88,146.97,146.72,147.03,172.99,173.56,173.63,173.39,5.922 ,5.807 ,5.655 ,5.664 ,5.703 ,6.402 ,6.321 ,6.402 ,6.352 ,6.370 ,,,真空度：-849 T:20.3℃
295,2025.12.29,B251108-1-6 M6,0,5.75,6.37,19,,6.05,10.05,十字,,,,,,,,,5.922 ,5.807 ,5.655 ,5.664 ,5.703 ,6.402 ,6.321 ,6.402 ,6.352 ,6.370 ,,,真空度：-847 T:20.3℃
296,2025.12.29,B251108-1-6 M8,0,5.75,6.37,19,,6.05,10.05,激光,148.69,148.47,146.63,147.6,170.49,170.73,171.12,170.74,5.922 ,5.807 ,5.655 ,5.664 ,5.703 ,6.402 ,6.321 ,6.402 ,6.352 ,6.370 ,,,真空度：-846 T:20.3℃
297,2025.12.30,B251118-1-4 M5,0,5.75,6.44,19,,6.32,10.59,十字,,,,,,,,,5.922 ,5.807 ,5.655 ,5.664 ,5.703 ,6.427 ,6.399 ,6.468 ,6.551 ,6.340 ,,,真空度：-852 T:20.2℃
298,2025.12.30,B251118-1-5 M8,0,5.75,6.46,19,,6.04,10.77,十字,,,,,,,,,5.922 ,5.807 ,5.655 ,5.664 ,5.703 ,6.535 ,6.459 ,6.459 ,6.471 ,6.394 ,,,真空度：-849 T:20.3℃
299,2025.12.30,B251118-1-5 M9,0,5.75,6.46,19,,6.04,10.77,激光,149.22,147.22,147.68,147.68,174.48,173.61,174.29,174.65,5.922 ,5.807 ,5.655 ,5.664 ,5.703 ,6.535 ,6.459 ,6.459 ,6.471 ,6.394 ,,,真空度：-849 T:20.3℃
