Feature,XGBoost,RandomForest,MutualInfo,Total_Score
总铟柱高度(μm),0.20964998,0.25797423032048467,0.06988276903571333,1.0000000000000002
生产天数(设备漂移),0.15951924,0.19921289754717536,0.0536381626647664,0.7572752765163525
倒焊压力(kg),0.19244815,0.1510571985834114,0.023189774835910004,0.6029233716824369
压力x高度(交互项),0.0632428,0.1086075055824669,0.06623695471471724,0.5301965342557058
设备温度(Temp),0.11888958,0.052567263564402625,0.040515111944267046,0.4264643449504681
真空度(Vac),0.08195461,0.06354416470453043,0.01814158872534155,0.27160305506187726
铟柱形状异常度(Z),0.09729387,0.05846868350647052,0.010845198113998977,0.2560928447465152
位置编码,0.06268528,0.09637771694077486,0.0,0.1967158473992027
电路平整度(Range),0.0143165095,0.012190339250283183,0.036453878724649336,0.17388110225006356
