芯片号,Label_Pass,Total_Indium_Height,Force_kg,Equipment_Temp,Vacuum_Level,Position_Code,Wafer_Index,Batch_ID,Calc_Circuit_Range,Indium_Taper_Zscore,Time_Seq_Day,编号,倒焊日期,压连情况(-1，0，1，2),电路端铟柱高度(μm),芯片端铟柱高度(μm),倒焊压力(kg),铟柱上底(CD),铟柱下底(CD),调平方式,电路激光数据1,电路激光数据2,电路激光数据3,电路激光数据4,芯片激光数据1,芯片激光数据2,芯片激光数据3,芯片激光数据4,电路铟柱高度1,电路铟柱高度2,电路铟柱高度3,电路铟柱高度4,电路铟柱高度5,芯片铟柱高度1,芯片铟柱高度2,芯片铟柱高度3,芯片铟柱高度4,芯片铟柱高度5,设备温度,Semiconductor_Source,Date_String,Process_Date,Leveling_Mode,Is_Pass
B241211-1-4# M1,1,13.17,22,19.8,-866.0,M1,4.0,1.0,,-0.0448743575939759,0,1,2025-01-03,0,6.56,6.61,22,6.24,11.18,激光,,,,,,,,,,,,,,,,,,,,B,241211.0,2025-01-03,1,1
B241211-1-1# M4,1,13.03,22,19.7,-874.0,M4,1.0,1.0,,0.9512590114102056,13,2,2025-01-16,1,6.56,6.47,22,5.16,11.1,激光,,,,,,,,,,,,,,,,,,,,B,241211.0,2025-01-16,1,1
B241211-1-1# M6,1,13.03,22,19.8,-874.0,M6,1.0,1.0,,0.9512590114102056,13,3,2025-01-16,1,6.56,6.47,22,5.16,11.1,十字,,,,,,,,,,,,,,,,,,,,B,241211.0,2025-01-16,0,1
B241211-1-4# M8,1,13.17,22,19.8,-866.0,M8,4.0,1.0,,-0.0448743575939759,14,4,2025-01-17,1,6.56,6.61,22,6.24,11.18,激光,,,,,,,,,,,,,,,,,,,,B,241211.0,2025-01-17,1,1
B241211-1-7# M1,1,12.94,22,19.8,-863.0,M1,7.0,1.0,,0.7022256691591602,15,5,2025-01-18,0,6.56,6.38,22,6.07,11.76,十字,,,,,,,,,,,,,,,,,,,,B,241211.0,2025-01-18,0,1
B241211-1-1# M1,1,13.03,22,19.8,-865.0,M1,1.0,1.0,,0.9512590114102056,18,6,2025-01-21,0,6.56,6.47,22,5.16,11.1,激光,,,,,,,,,,,,,,,,,,,,B,241211.0,2025-01-21,1,1
B241227-1-1# M3,1,12.9,22,19.8,-963.0,M3,1.0,1.0,,0.9512590114102056,18,7,2025-01-21,0,6.56,6.34,22,5.16,11.1,激光,,,,,,,,,,,,,,,,,,,,B,241227.0,2025-01-21,1,1
B241211-1-7# M4,1,12.23,22,19.8,-872.0,M4,7.0,1.0,,0.7022256691591602,46,8,2025-02-18,1,5.85,6.38,22,6.07,11.76,十字,,,,,,,,,,,,,,,,,,,,B,241211.0,2025-02-18,0,1
B241211-1-7# M6,1,12.94,22,19.8,-874.0,M6,7.0,1.0,,0.7022256691591602,47,9,2025-02-19,1,6.56,6.38,22,6.07,11.76,十字,,,,,,,,,,,,,,,,,,,,B,241211.0,2025-02-19,0,1
B241211-1-1# M7,1,12.32,22,19.8,-873.0,M7,1.0,1.0,,0.9512590114102056,47,10,2025-02-19,1,5.85,6.47,22,5.16,11.1,激光,,,,,,,,,,,,,,,,,,,,B,241211.0,2025-02-19,1,1
B241211-1-7# M7,1,12.94,22,19.8,-870.0,M7,7.0,1.0,,0.7022256691591602,47,11,2025-02-19,0,6.56,6.38,22,6.07,11.76,激光,,,,,,,,,,,,,,,,,,,,B,241211.0,2025-02-19,1,1
B241211-1-1# M3,1,13.03,22,19.8,-870.0,M3,1.0,1.0,,0.9512590114102056,47,12,2025-02-19,1,6.56,6.47,22,5.16,11.1,十字,,,,,,,,,,,,,,,,,,,,B,241211.0,2025-02-19,0,1
B241211-1-7# M8,1,12.94,22,19.8,-875.0,M8,7.0,1.0,,0.7022256691591602,48,13,2025-02-20,1,6.56,6.38,22,6.07,11.76,十字,,,,,,,,,,,,,,,,,,,,B,241211.0,2025-02-20,0,1
B241211-1-7# M9,1,12.94,22,19.8,-875.0,M9,7.0,1.0,,0.7022256691591602,48,14,2025-02-20,1,6.56,6.38,22,6.07,11.76,激光,,,,,,,,,,,,,,,,,,,,B,241211.0,2025-02-20,1,1
B250102-1-4# M3,1,,22,19.8,-882.0,M3,4.0,1.0,,,51,15,2025-02-23,0,,5.61,22,,,激光,,,,,,,,,,,,,,,,,,,,B,250102.0,2025-02-23,1,1
B250102-1-4# M7,0,11.46,18,19.8,-862.0,M7,4.0,1.0,,,54,16,2025-02-26,-1,5.85,5.61,18,,,激光,,,,,,,,,,,,,,,,,,,,B,250102.0,2025-02-26,1,0
B250102-1-4# M6,1,11.46,22,19.8,-863.0,M6,4.0,1.0,,,56,18,2025-02-28,0,5.85,5.61,22,,,激光,,,,,,,,,,,,,,,,,,,,B,250102.0,2025-02-28,1,1
B250102-1-4# M5,1,11.46,22,19.8,-863.0,M5,4.0,1.0,,,56,17,2025-02-28,1,5.85,5.61,22,,,十字,,,,,,,,,,,,,,,,,,,,B,250102.0,2025-02-28,0,1
B250102-1-4# M1,1,11.46,22,19.8,-863.0,M1,4.0,1.0,,,59,19,2025-03-03,0,5.85,5.61,22,,,十字,,,,,,,,,,,,,,,,,,,,B,250102.0,2025-03-03,0,1
B250102-1-4# M2,1,11.46,22,19.8,-863.0,M2,4.0,1.0,,,59,20,2025-03-03,1,5.85,5.61,22,,,激光,,,,,,,,,,,,,,,,,,,,B,250102.0,2025-03-03,1,1
B250102-1-4# M8,1,11.46,22,19.9,-864.0,M8,4.0,1.0,,,59,21,2025-03-03,0,5.85,5.61,22,,,十字,,,,,,,,,,,,,,,,,,,,B,250102.0,2025-03-03,0,1
B250102-1-4# M9,1,11.46,22,19.8,-864.0,M9,4.0,1.0,,,59,22,2025-03-03,0,5.85,5.61,22,,,十字,,,,,,,,,,,,,,,,,,,,B,250102.0,2025-03-03,0,1
B250119-1-2# M7,1,11.89,22,19.8,-860.0,M7,2.0,1.0,,0.5129603290483671,66,23,2025-03-10,1,5.85,6.04,22,6.06,11.56,激光,,,,,,,,,,,,,,,,,,,,B,250119.0,2025-03-10,1,1
B250119-1-3# M6,1,11.91,22,19.8,-860.0,M6,3.0,1.0,,0.4133469921479475,66,24,2025-03-10,1,5.85,6.06,22,6.05,11.45,激光,,,,,,,,,,,,,,,,,,,,B,250119.0,2025-03-10,1,1
B250119-1-1# M2,1,11.81,22,19.8,-859.0,M2,1.0,1.0,,0.9711816787902896,66,25,2025-03-10,1,5.85,5.96,22,6.11,12.07,十字,,,,,,,,,,,,,,,,,,,,B,250119.0,2025-03-10,0,1
B250119-1-1# M1,1,11.81,22,19.8,-862.0,M1,1.0,1.0,,0.9711816787902896,67,26,2025-03-11,1,5.85,5.96,22,6.11,12.07,十字,,,,,,,,,,,,,,,,,,,,B,250119.0,2025-03-11,0,1
B250119-1-1# M3,1,11.81,22,19.8,-866.0,M3,1.0,1.0,,0.9711816787902896,69,27,2025-03-13,1,5.85,5.96,22,6.11,12.07,十字,,,,,,,,,,,,,,,,,,,,B,250119.0,2025-03-13,0,1
B250119-1-1# M4,1,11.81,22,19.8,-865.0,M4,1.0,1.0,,0.9711816787902896,69,28,2025-03-13,1,5.85,5.96,22,6.11,12.07,十字,,,,,,,,,,,,,,,,,,,,B,250119.0,2025-03-13,0,1
B250119-1-1# M5,1,11.81,22,19.9,-869.0,M5,1.0,1.0,,0.9711816787902896,70,29,2025-03-14,0,5.85,5.96,22,6.11,12.07,激光,,,,,,,,,,,,,,,,,,,,B,250119.0,2025-03-14,1,1
B250119-1-1# M6,1,11.81,22,19.9,-870.0,M6,1.0,1.0,,0.9711816787902896,70,30,2025-03-14,1,5.85,5.96,22,6.11,12.07,激光,,,,,,,,,,,,,,,,,,,,B,250119.0,2025-03-14,1,1
B250122-1-2# M3,1,12.03,22,19.8,-871.0,M3,2.0,1.0,,,74,31,2025-03-18,1,5.85,6.18,22,,,十字,,,,,,,,,,,,,,,,,,,,B,250122.0,2025-03-18,0,1
B250119-1-1# M7,1,11.81,22,19.8,-869.0,M7,1.0,1.0,,0.9711816787902896,74,32,2025-03-18,1,5.85,5.96,22,6.11,12.07,十字,,,,,,,,,,,,,,,,,,,,B,250119.0,2025-03-18,0,1
B250119-1-3# M2,1,11.91,22,19.8,-871.0,M2,3.0,1.0,,0.4133469921479475,75,34,2025-03-19,1,5.85,6.06,22,6.05,11.45,十字,,,,,,,,,,,,,,,,,,,,B,250119.0,2025-03-19,0,1
B250119-1-3# M4,1,11.91,22,20.2,-871.0,M4,3.0,1.0,,0.4133469921479475,75,33,2025-03-19,1,5.85,6.06,22,6.05,11.45,激光,,,,,,,,,,,,,,,,,,,,B,250119.0,2025-03-19,1,1
B250119-1-3# M5,1,11.91,22,19.8,-866.0,M5,3.0,1.0,,0.4133469921479475,75,35,2025-03-19,1,5.85,6.06,22,6.05,11.45,激光,,,,,,,,,,,,,,,,,,,,B,250119.0,2025-03-19,1,1
B250118-1-2# M3,1,11.53,20,19.9,-851.0,M3,2.0,1.0,,,80,37,2025-03-24,1,5.38,6.15,20,,,十字,,,,,,,,,,,,,,,,,,,,B,250118.0,2025-03-24,0,1
B250122-1-2# M6,1,12.03,20,19.9,-856.0,M6,2.0,1.0,,0.961220345100248,80,36,2025-03-24,1,5.85,6.18,20,5.64,11.59,激光,,,,,,,,,,,,,,,,,,,,B,250122.0,2025-03-24,1,1
B250122-1-2# M2,1,11.56,22,19.9,-847.0,M2,2.0,1.0,,0.961220345100248,82,38,2025-03-26,1,5.38,6.18,22,5.64,11.59,激光,,,,,,,,,,,,,,,,,,,,B,250122.0,2025-03-26,1,1
B250122-1-2# M5,1,11.56,22,19.8,-864.0,M5,2.0,1.0,,0.961220345100248,83,39,2025-03-27,1,5.38,6.18,22,5.64,11.59,激光,,,,,,,,,,,,,,,,,,,,B,250122.0,2025-03-27,1,1
B250118-1-2# M4,1,11.53,22,19.9,-862.0,M4,2.0,1.0,,,83,40,2025-03-27,1,5.38,6.15,22,,,激光,,,,,,,,,,,,,,,,,,,,B,250118.0,2025-03-27,1,1
B250122-1-2# M4,1,11.56,22,19.9,-863.0,M4,2.0,1.0,,0.961220345100248,83,41,2025-03-27,1,5.38,6.18,22,5.64,11.59,十字,,,,,,,,,,,,,,,,,,,,B,250122.0,2025-03-27,0,1
B250118-1-2# M5,0,11.53,22,19.9,-863.0,M5,2.0,1.0,,0.7619936712994106,83,42,2025-03-27,2,5.38,6.15,22,6.95,12.7,十字,,,,,,,,,,,,,,,,,,,,B,250118.0,2025-03-27,0,0
B250118-1-2# M6,1,12.0,22,19.9,-868.0,M6,2.0,1.0,,,83,43,2025-03-27,1,5.85,6.15,22,,,十字,,,,,,,,,,,,,,,,,,,,B,250118.0,2025-03-27,0,1
B250102-1-10# M4,1,11.37,22,19.9,-867.0,M4,10.0,1.0,,,87,44,2025-03-31,0,5.38,5.99,22,,,十字,,,,,,,,,,,,,,,,,,,,B,250102.0,2025-03-31,0,1
B250118-1-2# M8,1,12.0,22,19.9,-961.0,M8,2.0,1.0,,0.7619936712994106,88,45,2025-04-01,1,5.85,6.15,22,6.95,12.7,十字,,,,,,,,,,,,,,,,,,,,B,250118.0,2025-04-01,0,1
B250118-1-2# M9,1,12.0,22,19.9,-863.0,M9,2.0,1.0,,0.7619936712994106,95,46,2025-04-08,1,5.85,6.15,22,6.95,12.7,十字,,,,,,,,,,,,,,,,,,,,B,250118.0,2025-04-08,0,1
B250102-1-10# M5,1,12.04,22,19.9,-856.0,M5,10.0,1.0,,,95,47,2025-04-08,1,6.05,5.99,22,,,十字,,,,,,,,,,,,,,,,,,,,B,250102.0,2025-04-08,0,1
B250120-1-2# M5,1,12.73,22,19.8,-862.0,M5,2.0,1.0,,0.3834629910778236,101,48,2025-04-14,1,5.85,6.88,22,6.35,11.72,十字,,,,,,,,,,,,,,,,,,,,B,250120.0,2025-04-14,0,1
B250120-1-2# M6,1,12.73,22,19.8,-862.0,M6,2.0,1.0,,0.3834629910778236,101,49,2025-04-14,1,5.85,6.88,22,6.35,11.72,激光,,,,,,,,,,,,,,,,,,,,B,250120.0,2025-04-14,1,1
B250120-1-2# M7,1,12.93,22,20.0,-859.0,M7,2.0,1.0,,0.3834629910778236,101,50,2025-04-14,1,6.05,6.88,22,6.35,11.72,十字,,,,,,,,,,,,,,,,,,,,B,250120.0,2025-04-14,0,1
B250119-1-5# M8,1,12.3,22,20.0,-854.0,M8,5.0,1.0,,-1.897682423941752,102,55,2025-04-15,1,6.05,6.25,22,6.63,9.71,十字,,,,,,,,,,,,,,,,,,,,B,250119.0,2025-04-15,0,1
B250120-1-2# M9,1,12.93,22,19.9,-855.0,M9,2.0,1.0,,0.3834629910778236,102,53,2025-04-15,1,6.05,6.88,22,6.35,11.72,十字,,,,,,,,,,,,,,,,,,,,B,250120.0,2025-04-15,0,1
B250119-1-5# M7,1,12.3,22,20.1,-854.0,M7,5.0,1.0,,-1.897682423941752,102,54,2025-04-15,1,6.05,6.25,22,6.63,9.71,十字,,,,,,,,,,,,,,,,,,,,B,250119.0,2025-04-15,0,1
B250102-1-10# M6,1,12.04,22,19.9,-858.0,M6,10.0,1.0,,,102,51,2025-04-15,1,6.05,5.99,22,,,十字,,,,,,,,,,,,,,,,,,,,B,250102.0,2025-04-15,0,1
B250120-1-2# M4,1,12.93,22,20.0,-859.0,M4,2.0,1.0,,0.3834629910778236,102,52,2025-04-15,1,6.05,6.88,22,6.35,11.72,十字,,,,,,,,,,,,,,,,,,,,B,250120.0,2025-04-15,0,1
B250120-1-3# M6,1,12.33,22,19.8,-852.0,M6,3.0,1.0,,-0.2042556966346442,103,56,2025-04-16,1,6.05,6.28,22,7.11,11.89,十字,,,,,,,,,,,,,,,,,,,,B,250120.0,2025-04-16,0,1
B250120-1-3# M2,1,12.33,22,19.8,-851.0,M2,3.0,1.0,,,103,57,2025-04-16,1,6.05,6.28,22,,,激光,,,,,,,,,,,,,,,,,,,,B,250120.0,2025-04-16,1,1
B250120-1-3# M8,1,12.33,22,20.0,-851.0,M8,3.0,1.0,,,103,58,2025-04-16,0,6.05,6.28,22,,,十字,,,,,,,,,,,,,,,,,,,,B,250120.0,2025-04-16,0,1
B250120-1-3# M9,1,12.33,22,19.8,-850.0,M9,3.0,1.0,,,103,59,2025-04-16,1,6.05,6.28,22,,,激光,,,,,,,,,,,,,,,,,,,,B,250120.0,2025-04-16,1,1
B250318-1-5# M1,1,12.25,22,20.1,-855.0,M1,5.0,1.0,,,108,60,2025-04-21,1,6.05,6.2,22,,,十字,,,,,,,,,,,,,,,,,,,,B,250318.0,2025-04-21,0,1
B250318-1-2# M2(小),1,12.65,22,20.0,-856.0,M2,2.0,1.0,,,108,61,2025-04-21,1,6.05,6.6,22,,,激光,,,,,,,,,,,,,,,,,,,,B,250318.0,2025-04-21,1,1
B250318-1-2# M2(大),1,12.65,22,20.2,-856.0,M2,2.0,1.0,,,108,62,2025-04-21,1,6.05,6.6,22,,,激光,,,,,,,,,,,,,,,,,,,,B,250318.0,2025-04-21,1,1
B250318-1-5# M2,1,12.25,22,19.9,-864.0,M2,5.0,1.0,,,109,63,2025-04-22,1,6.05,6.2,22,,,激光,,,,,,,,,,,,,,,,,,,,B,250318.0,2025-04-22,1,1
B250318-1-2# M5(小),1,12.65,22,19.9,-860.0,M5,2.0,1.0,,,109,64,2025-04-22,1,6.05,6.6,22,,,激光,,,,,,,,,,,,,,,,,,,,B,250318.0,2025-04-22,1,1
B250417-1-4 M1,1,12.47,22,19.9,-849.0,M1,4.0,1.0,,-0.1743716955645185,133,65,2025-05-16,0,6.05,6.42,22,5.77,10.58,激光,,,,,,,,,,,,,,,,,,,,B,250417.0,2025-05-16,1,1
B250417-1-4 M2,1,12.47,22,20.0,-848.0,M2,4.0,1.0,,-0.1743716955645185,133,66,2025-05-16,1,6.05,6.42,22,5.77,10.58,激光,,,,,,,,,,,,,,,,,,,,B,250417.0,2025-05-16,1,1
B250417-1-4 M3,1,12.47,22,20.0,-847.0,M3,4.0,1.0,,-0.1743716955645185,133,67,2025-05-16,1,6.05,6.42,22,5.77,10.58,激光,,,,,,,,,,,,,,,,,,,,B,250417.0,2025-05-16,1,1
B250417-1-4 M4,1,12.47,22,20.0,-848.0,M4,4.0,1.0,,-0.1743716955645185,133,68,2025-05-16,1,6.05,6.42,22,5.77,10.58,十字,,,,,,,,,,,,,,,,,,,,B,250417.0,2025-05-16,0,1
B250417-1-4 M5,1,12.47,22,20.0,-848.0,M5,4.0,1.0,,-0.1743716955645185,133,69,2025-05-16,1,6.05,6.42,22,5.77,10.58,激光,,,,,,,,,,,,,,,,,,,,B,250417.0,2025-05-16,1,1
B250417-1-4 M6,1,12.47,22,19.9,-852.0,M6,4.0,1.0,,-0.1743716955645185,138,71,2025-05-21,1,6.05,6.42,22,5.77,10.58,激光,,,,,,,,,,,,,,,,,,,,B,250417.0,2025-05-21,1,1
B250417-1-5 M1,1,12.37,22,19.8,-852.0,M1,5.0,1.0,,0.2639269867973199,138,70,2025-05-21,0,6.05,6.32,22,5.28,10.53,十字,,,,,,,,,,,,,,,,,,,,B,250417.0,2025-05-21,0,1
B250417-1-4 M7,1,12.47,22,20.0,-852.0,M7,4.0,1.0,,-0.1743716955645185,138,72,2025-05-21,1,6.05,6.42,22,5.77,10.58,激光,,,,,,,,,,,,,,,,,,,,B,250417.0,2025-05-21,1,1
B250425-1-2 M2,1,12.43,21,20.1,-863.0,M2,2.0,1.0,,0.3934243247678643,139,77,2025-05-22,1,6.05,6.38,21,5.21,10.59,激光,,,,,,,,,,,,,,,,,,,,B,250425.0,2025-05-22,1,1
B250417-1-5 M5,1,12.37,22,19.9,-862.0,M5,5.0,1.0,,0.2639269867973199,139,75,2025-05-22,1,6.05,6.32,22,5.28,10.53,激光,,,,,,,,,,,,,,,,,,,,B,250417.0,2025-05-22,1,1
B250417-1-5 M6,1,12.37,22,20.1,-862.0,M6,5.0,1.0,,0.2639269867973199,139,76,2025-05-22,1,6.05,6.32,22,5.28,10.53,激光,,,,,,,,,,,,,,,,,,,,B,250417.0,2025-05-22,1,1
B250417-1-4 M9,0,12.47,22,20.0,-860.0,M9,4.0,1.0,,-0.1743716955645185,139,74,2025-05-22,2,6.05,6.42,22,5.77,10.58,十字,,,,,,,,,,,,,,,,,,,,B,250417.0,2025-05-22,0,0
B250417-1-5 M4,1,12.37,22,19.9,-860.0,M4,5.0,1.0,,0.2639269867973199,139,73,2025-05-22,1,6.05,6.32,22,5.28,10.53,十字,,,,,,,,,,,,,,,,,,,,B,250417.0,2025-05-22,0,1
B250417-1-5 M7,0,12.37,20,20.0,-860.0,M7,5.0,1.0,,0.2639269867973199,141,78,2025-05-24,2,6.05,6.32,20,5.28,10.53,激光,,,,,,,,,,,,,,,,,,,,B,250417.0,2025-05-24,1,0
B250417-1-5 M9,1,12.37,22,20.9,-859.0,M9,5.0,1.0,,0.2639269867973199,144,79,2025-05-27,1,6.05,6.32,22,5.28,10.53,激光,,,,,,,,,,,,,,,,,,,,B,250417.0,2025-05-27,1,1
B250417-1-5 M8,1,11.94,22,19.9,-860.0,M8,5.0,1.0,,0.2639269867973199,144,80,2025-05-27,1,5.62,6.32,22,5.28,10.53,激光,,,,,,,,,,,,,,,,,,,,B,250417.0,2025-05-27,1,1
B250425-1-2 M1,1,12.0,22,19.9,-860.0,M1,2.0,1.0,,0.3934243247678643,144,81,2025-05-27,1,5.62,6.38,22,5.21,10.59,十字,,,,,,,,,,,,,,,,,,,,B,250425.0,2025-05-27,0,1
B250425-1-2 M3,1,12.0,22,20.0,-860.0,M3,2.0,1.0,,0.3934243247678643,144,82,2025-05-27,1,5.62,6.38,22,5.21,10.59,激光,,,,,,,,,,,,,,,,,,,,B,250425.0,2025-05-27,1,1
B250425-1-2 M8,1,12.0,20,19.9,-858.0,M8,2.0,1.0,,0.3934243247678643,145,84,2025-05-28,1,5.62,6.38,20,5.21,10.59,激光,,,,,,,,,,,,,,,,,,,,B,250425.0,2025-05-28,1,1
B250425-1-2 M4,1,12.0,22,19.9,-861.0,M4,2.0,1.0,,0.3934243247678643,145,83,2025-05-28,1,5.62,6.38,22,5.21,10.59,十字,,,,,,,,,,,,,,,,,,,,B,250425.0,2025-05-28,0,1
B250425-1-2 M8,1,11.82,22,19.9,-858.0,M8,2.0,1.0,,0.3934243247678643,146,85,2025-05-29,1,5.62,6.2,22,5.21,10.59,激光,,,,,,,,,,,,,,,,,,,,B,250425.0,2025-05-29,1,1
B250425-1-2 M6,1,12.0,22,19.9,-852.0,M6,2.0,1.0,,0.3934243247678643,151,86,2025-6-3,1,5.62,6.38,22,5.21,10.59,激光,,,,,,,,,,,,,,,,,,,,B,250425.0,2025-06-03,1,1
B250425-1-2 M7,1,12.0,22,19.9,-855.0,M7,2.0,1.0,,,152,87,2025-6-4,1,5.62,6.38,22,,,激光,,,,,,,,,,,,,,,,,,,,B,250425.0,2025-06-04,1,1
B250512-1-2,1,11.58,22,19.8,-849.0,,,,,,161,88,2025-6-13,1,6.05,5.53,22,,,激光,,,,,,,,,,,,,,,,,,,,,,2025-06-13,1,1
B250609-1-1 M1,1,11.39,22,20.0,-852.0,M1,1.0,1.0,,-0.702322381136735,167,89,2025-6-19,0,5.18,6.21,22,6.63,10.91,激光,,,,,,,,,,,,,,,,,,,,B,250609.0,2025-06-19,1,1
B250512-1-3 左,1,11.37,22,19.9,-854.0,,,,,,171,90,2025-6-23,1,5.18,6.19,22,,,十字,,,,,,,,,,,,,,,,,,,,,,2025-06-23,0,1
B250527-1-2 M7,1,11.75,22,19.9,-856.0,M7,2.0,1.0,,1.050872348310624,172,91,2025-6-24,1,5.18,6.57,22,4.21,10.25,激光,,,,,,,,,,,,,,,,,,,,B,250527.0,2025-06-24,1,1
B250318-1-2 M4(小),1,12.65,22,19.9,-850.0,M4,2.0,1.0,,2.3259230606359766,180,93,2025-7-2,1,6.05,6.6,22,2.83,10.15,激光,,,,,,,,,,,,,,,,,,,,B,250318.0,2025-07-02,1,1
B250318-1-2 M4(大),1,12.65,22,19.9,-850.0,M4,2.0,1.0,,2.3259230606359766,180,94,2025-7-2,1,6.05,6.6,22,2.83,10.15,激光,,,,,,,,,,,,,,,,,,,,B,250318.0,2025-07-02,1,1
B250318-1-5 M9,1,11.82,22,19.8,-852.0,M9,5.0,1.0,,3.421669766540576,180,92,2025-7-2,1,5.62,6.2,22,2.47,10.89,激光,,,,,,,,,,,,,,,,,,,,B,250318.0,2025-07-02,1,1
B250318-1-5 M7,1,11.82,22,19.9,-850.0,M7,5.0,1.0,,3.421669766540576,182,95,2025-7-4,0,5.62,6.2,22,2.47,10.89,十字,,,,,,,,,,,,,,,,,,,,B,250318.0,2025-07-04,0,1
B250318-1-5 M8,1,11.82,22,20.0,-849.0,M8,5.0,1.0,,3.421669766540576,182,96,2025-7-4,1,5.62,6.2,22,2.47,10.89,十字,,,,,,,,,,,,,,,,,,,,B,250318.0,2025-07-04,0,1
B250318-1-5 M6,1,11.38,22,19.9,-847.0,M6,5.0,1.0,,3.421669766540576,182,97,2025-7-4,0,5.18,6.2,22,2.47,10.89,十字,,,,,,,,,,,,,,,,,,,,B,250318.0,2025-07-04,0,1
B250318-1-5 M5,1,11.38,22,19.9,-847.0,M5,5.0,1.0,,3.421669766540576,182,98,2025-7-4,1,5.18,6.2,22,2.47,10.89,激光,,,,,,,,,,,,,,,,,,,,B,250318.0,2025-07-04,1,1
B250527-1-3 M1,0,11.27,22,20.0,-852.0,M1,3.0,1.0,,1.1903310199712105,186,99,2025-7-8,2,5.18,6.09,22,5.05,11.23,十字,,,,,,,,,,,,,,,,,,,,B,250527.0,2025-07-08,0,0
B250527-1-3 M2,1,11.71,22,20.0,-852.0,M2,3.0,1.0,,1.1903310199712105,186,100,2025-7-8,1,5.62,6.09,22,5.05,11.23,激光,,,,,,,,,,,,,,,,,,,,B,250527.0,2025-07-08,1,1
B250318-1-2 M6(大),1,12.22,22,19.9,-853.0,M6,2.0,1.0,,2.3259230606359766,187,101,2025-7-9,1,5.62,6.6,22,2.83,10.15,激光,,,,,,,,,,,,,,,,,,,,B,250318.0,2025-07-09,1,1
B250318-1-5 M4,1,11.38,22,19.9,-853.0,M4,5.0,1.0,,3.421669766540576,187,102,2025-7-9,1,5.18,6.2,22,2.47,10.89,激光,,,,,,,,,,,,,,,,,,,,B,250318.0,2025-07-09,1,1
B250527-1-3 M3,1,11.71,22,19.9,-855.0,M3,3.0,1.0,,1.1903310199712105,188,103,2025-7-10,0,5.62,6.09,22,5.05,11.23,激光,,,,,,,,,,,,,,,,,,,,B,250527.0,2025-07-10,1,1
B250318-1-9 M2,1,11.78,22,19.8,-855.0,M2,9.0,1.0,,0.6723416680890354,188,104,2025-7-10,0,5.62,6.16,22,4.51,10.17,激光,,,,,,,,,,,,,,,,,,,,B,250318.0,2025-07-10,1,1
B250527-1-3 M4,1,11.71,22,19.8,-854.0,M4,3.0,1.0,,1.1903310199712105,188,105,2025-7-10,0,5.62,6.09,22,5.05,11.23,激光,,,,,,,,,,,,,,,,,,,,B,250527.0,2025-07-10,1,1
B250318-1-9 M4,1,11.34,22,20.0,-856.0,M4,9.0,1.0,,,189,106,2025-7-11,1,5.18,6.16,22,,,激光,,,,,,,,,,,,,,,,,,,,B,250318.0,2025-07-11,1,1
B250527-1-3 M5,0,11.27,22,20.0,-855.0,M5,3.0,1.0,,1.1903310199712105,189,107,2025-7-11,2,5.18,6.09,22,5.05,11.23,激光,,,,,,,,,,,,,,,,,,,,B,250527.0,2025-07-11,1,0
B250318-1-2 M6(小),1,12.65,22,20.0,-855.0,M6,2.0,1.0,,2.3259230606359766,189,108,2025-7-11,1,6.05,6.6,22,2.83,10.15,激光,,,,,,,,,,,,,,,,,,,,B,250318.0,2025-07-11,1,1
B250318-1-9 M5,1,12.01,22,20.1,-842.0,M5,9.0,1.0,,,193,111,2025-7-15,0,5.85,6.16,22,,,十字,,,,,,,,,,,,,,,,,,,,B,250318.0,2025-07-15,0,1
B250527-1-3 M6,1,11.71,22,20.0,-842.0,M6,3.0,1.0,,1.1903310199712105,193,112,2025-7-15,0,5.62,6.09,22,5.05,11.23,激光,,,,,,,,,,,,,,,,,,,,B,250527.0,2025-07-15,1,1
B250527-1-3 M7,0,11.27,22,20.1,-842.0,M7,3.0,1.0,,1.1903310199712105,193,109,2025-7-15,2,5.18,6.09,22,5.05,11.23,十字,,,,,,,,,,,,,,,,,,,,B,250527.0,2025-07-15,0,0
B250318-1-9 M6,1,12.01,22,20.0,-842.0,M6,9.0,1.0,,,193,110,2025-7-15,0,5.85,6.16,22,,,十字,,,,,,,,,,,,,,,,,,,,B,250318.0,2025-07-15,0,1
B250326-1-4 M1,1,11.83,22,19.9,-850.0,M1,4.0,1.0,,-0.9015490549375704,194,115,2025-7-16,0,5.18,6.65,22,6.39,10.47,激光,,,,,,,,,,,,,,,,,,,,B,250326.0,2025-07-16,1,1
B250527-1-3 M8,1,11.94,22,19.9,-849.0,M8,3.0,1.0,,1.1903310199712105,194,113,2025-7-16,1,5.85,6.09,22,5.05,11.23,激光,,,,,,,,,,,,,,,,,,,,B,250527.0,2025-07-16,1,1
B250527-1-5 M8,1,12.06,22,20.0,-850.0,M8,5.0,1.0,,-0.9214717223176556,194,114,2025-7-16,0,5.85,6.21,22,6.87,10.93,激光,,,,,,,,,,,,,,,,,,,,B,250527.0,2025-07-16,1,1
B250527-1-3 M9,1,11.94,22,19.9,-852.0,M9,3.0,1.0,,1.1903310199712105,196,116,2025-7-18,0,5.85,6.09,22,5.05,11.23,激光,,,,,,,,,,,,,,,,,,,,B,250527.0,2025-07-18,1,1
B250318-1-9 M7,1,12.01,22,20.0,-850.0,M7,9.0,1.0,,0.6723416680890354,196,117,2025-7-18,1,5.85,6.16,22,4.51,10.17,激光,,,,,,,,,,,,,,,,,,,,B,250318.0,2025-07-18,1,1
B250318-1-9 M8,0,12.01,22,19.9,-850.0,M8,9.0,1.0,,0.6723416680890354,196,118,2025-7-18,2,5.85,6.16,22,4.51,10.17,激光,,,,,,,,,,,,,,,,,,,,B,250318.0,2025-07-18,1,0
B250318-1-9 M9,1,11.34,24,20.0,-849.0,M9,9.0,1.0,,0.6723416680890354,196,119,2025-7-18,0,5.18,6.16,24,4.51,10.17,激光,,,,,,,,,,,,,,,,,,,,B,250318.0,2025-07-18,1,1
B250527-1-5 M1,1,11.39,24,19.9,-855.0,M1,5.0,1.0,,-0.9214717223176556,199,120,2025-7-21,1,5.18,6.21,24,6.87,10.93,激光,,,,,,,,,,,,,,,,,,,,B,250527.0,2025-07-21,1,1
B250326-1-3-B M2,1,11.97,24,19.9,-854.0,M2,3.0,1.0,,,199,121,2025-7-21,1,5.18,6.79,24,,,激光,,,,,,,,,,,,,,,,,,,,B,250326.0,2025-07-21,1,1
B250527-1-5 M2,0,11.39,24,19.9,-853.0,M2,5.0,1.0,,-0.9214717223176556,199,122,2025-7-21,2,5.18,6.21,24,6.87,10.93,激光,,,,,,,,,,,,,,,,,,,,B,250527.0,2025-07-21,1,0
B250425-1-6-B M2,1,11.45,24,19.9,-852.0,M2,6.0,1.0,,,199,123,2025-7-21,0,5.18,6.27,24,,,激光,,,,,,,,,,,,,,,,,,,,B,250425.0,2025-07-21,1,1
B250527-1-5 M4,0,11.39,24,20.0,-851.0,M4,5.0,1.0,,-0.9214717223176556,202,124,2025-7-24,2,5.18,6.21,24,6.87,10.93,激光,,,,,,,,,,,,,,,,,,,,B,250527.0,2025-07-24,1,0
B250326-1-4 M2,1,11.83,24,19.9,-850.0,M2,4.0,1.0,,,202,125,2025-7-24,1,5.18,6.65,24,,,激光,,,,,,,,,,,,,,,,,,,,B,250326.0,2025-07-24,1,1
B250318-1-9 M1,1,12.01,24,20.0,-850.0,M1,9.0,1.0,,,202,126,2025-7-24,1,5.85,6.16,24,,,十字,,,,,,,,,,,,,,,,,,,,B,250318.0,2025-07-24,0,1
B250326-1-3 M4,0,11.97,24,20.0,-849.0,M4,3.0,1.0,,,202,127,2025-7-24,2,5.18,6.79,24,,,激光,,,,,,,,,,,,,,,,,,,,B,250326.0,2025-07-24,1,0
B250425-1-7 M2,1,11.36,24,20.0,-845.0,M2,7.0,1.0,,,203,131,2025-07-25,1,5.18,6.18,24,,,激光,,,,,,,,,,,,,,,,,,,,B,250425.0,2025-07-25,1,1
B250417-1-6 M1,1,11.26,24,19.9,-846.0,M1,6.0,1.0,,-0.9912010581479476,203,133,2025-07-25,0,5.18,6.08,24,6.27,10.26,十字,,,,,,,,,,,,,,,,,,,,B,250417.0,2025-07-25,0,1
B250520-1-3-A M1,1,11.28,24,20.0,-845.0,M1,3.0,1.0,,,203,132,2025-07-25,0,5.18,6.1,24,,,激光,,,,,,,,,,,,,,,,,,,,B,250520.0,2025-07-25,1,1
B250527-1-5 M5,0,11.39,24,20.0,-850.0,M5,5.0,1.0,,-0.9214717223176556,203,129,2025-07-25,2,5.18,6.21,24,6.87,10.93,激光,,,,,,,,,,,,,,,,,,,,B,250527.0,2025-07-25,1,0
B250318-1-9 M3,1,12.5,24,20.0,-850.0,M3,9.0,1.0,,,203,128,2025-07-25,1,5.85,6.65,24,,,十字,,,,,,,,,,,,,,,,,,,,B,250318.0,2025-07-25,0,1
B250527-1-5 M6,0,11.39,24,19.9,-850.0,M6,5.0,1.0,,,203,130,2025-07-25,2,5.18,6.21,24,,,激光,,,,,,,,,,,,,,,,,,,,B,250527.0,2025-07-25,1,0
B250417-1-6 M4,1,11.39,24,19.8,-848.0,M4,6.0,1.0,,,208,134,2025-07-30,1,5.31,6.08,24,,,激光,,,,,,,,,,,,,,,,,,,,B,250417.0,2025-07-30,1,1
B250425-1-6 M1,1,11.579999999999998,24,19.9,-848.0,M1,6.0,1.0,,,208,135,2025-07-30,0,5.31,6.27,24,,,激光,,,,,,,,,,,,,,,,,,,,B,250425.0,2025-07-30,1,1
B250425-1-6 M6,1,11.579999999999998,24,19.9,-849.0,M6,6.0,1.0,,,209,136,2025-07-31,0,5.31,6.27,24,,,激光,,,,,,,,,,,,,,,,,,,,B,250425.0,2025-07-31,1,1
B250425-1-6 M3,0,11.579999999999998,24,20.0,-847.0,M3,6.0,1.0,,,209,137,2025-07-31,2,5.31,6.27,24,,,十字,,,,,,,,,,,,,,,,,,,,B,250425.0,2025-07-31,0,0
B250425-1-6 M8,0,11.579999999999998,24,19.8,-846.0,M8,6.0,1.0,,,210,138,2025-08-01,2,5.31,6.27,24,,,激光,,,,,,,,,,,,,,,,,,,,B,250425.0,2025-08-01,1,0
B250425-1-6 M7,0,11.579999999999998,24,19.9,-845.0,M7,6.0,1.0,,,210,139,2025-08-01,2,5.31,6.27,24,,,激光,,,,,,,,,,,,,,,,,,,,B,250425.0,2025-08-01,1,0
B250425-1-6 M9,1,11.579999999999998,24,19.9,-845.0,M9,6.0,1.0,,,210,140,2025-08-01,1,5.31,6.27,24,,,十字,,,,,,,,,,,,,,,,,,,,B,250425.0,2025-08-01,0,1
B250417-1-6 M5,1,11.39,24,19.9,-845.0,M5,6.0,1.0,,-0.9912010581479476,213,141,2025-08-04,1,5.31,6.08,24,6.27,10.26,激光,,,,,,,,,,,,,,,,,,,,B,250417.0,2025-08-04,1,1
B250417-1-6 M3,1,11.39,24,19.9,-844.0,M3,6.0,1.0,,-0.9912010581479476,213,142,2025-08-04,1,5.31,6.08,24,6.27,10.26,十字,,,,,,,,,,,,,,,,,,,,B,250417.0,2025-08-04,0,1
B250425-1-7 M8,0,11.39,24,19.9,-848.0,M8,7.0,1.0,,-0.0548356912840166,214,146,2025-08-05,2,5.31,6.08,24,6.3,11.23,激光,,,,,,,,,,,,,,,,,,,,B,250425.0,2025-08-05,1,0
B250425-1-7 M4,1,11.39,24,19.9,-849.0,M4,7.0,1.0,,-0.0548356912840166,214,145,2025-08-05,1,5.31,6.08,24,6.3,11.23,十字,,,,,,,,,,,,,,,,,,,,B,250425.0,2025-08-05,0,1
B250425-1-7 M3,1,11.39,24,19.9,-848.0,M3,7.0,1.0,,-0.0548356912840166,214,147,2025-08-05,1,5.31,6.08,24,6.3,11.23,激光,,,,,,,,,,,,,,,,,,,,B,250425.0,2025-08-05,1,1
B250520-1-3 M2,1,11.41,24,19.8,-843.0,M2,3.0,1.0,,,214,143,2025-08-05,1,5.31,6.1,24,,,激光,,,,,,,,,,,,,,,,,,,,B,250520.0,2025-08-05,1,1
B250425-1-7 M1,0,11.39,24,19.8,-849.0,M1,7.0,1.0,,-0.0548356912840166,214,144,2025-08-05,2,5.31,6.08,24,6.3,11.23,激光,,,,,,,,,,,,,,,,,,,,B,250425.0,2025-08-05,1,0
B250425-1-7 M7,0,11.39,24,20.0,-850.0,M7,7.0,1.0,,-0.0548356912840166,215,148,2025-08-06,2,5.31,6.08,24,6.3,11.23,激光,,,,,,,,,,,,,,,,,,,,B,250425.0,2025-08-06,1,0
B250417-1-6 M9,1,11.39,24,19.9,-850.0,M9,6.0,1.0,,-0.9912010581479476,216,154,2025-08-07,1,5.31,6.08,24,6.27,10.26,激光,,,,,,,,,,,,,,,,,,,,B,250417.0,2025-08-07,1,1
B250520-1-3 M3,1,11.41,24,20.2,-848.0,M3,3.0,1.0,0.0689999999999999,-1.2103503993288682,216,155,2025-08-07,1,5.31,6.1,24,7.24,11.01,激光,149.81,148.14,148.19,150.19,169.5,169.81,170.71,170.73,5.316,5.285,5.331,5.354,5.258,6.147,6.108,5.947,6.076,6.057,,B,250520.0,2025-08-07,1,1
B250417-1-6 M8,0,11.39,24,20.2,-851.0,M8,6.0,1.0,,-0.9912010581479476,216,153,2025-08-07,2,5.31,6.08,24,6.27,10.26,激光,,,,,,,,,,,,,,,,,,,,B,250417.0,2025-08-07,1,0
B250425-1-7 M9,1,11.39,24,19.9,-851.0,M9,7.0,1.0,0.0689999999999999,-0.0548356912840166,216,150,2025-08-07,1,5.31,6.08,24,6.3,11.23,激光,150.88,149.88,147.93,148.75,170.66,168.68,168.45,169.16,5.316,5.285,5.331,5.354,5.258,5.997,6.04,6.075,6.096,6.179,,B,250425.0,2025-08-07,1,1
B250417-1-6 M6,1,11.39,24,19.9,-851.0,M6,6.0,1.0,,-0.9912010581479476,216,151,2025-08-07,1,5.31,6.08,24,6.27,10.26,激光,,,,,,,,,,,,,,,,,,,,B,250417.0,2025-08-07,1,1
B250417-1-6 M7,0,11.39,24,21.5,-851.0,M7,6.0,1.0,,-0.9912010581479476,216,152,2025-08-07,2,5.31,6.08,24,6.27,10.26,激光,,,,,,,,,,,,,,,,,,,,B,250417.0,2025-08-07,1,0
B250425-1-7 M5,1,11.39,24,19.8,-852.0,M5,7.0,1.0,,-0.0548356912840166,216,149,2025-08-07,1,5.31,6.08,24,6.3,11.23,激光,,,,,,,,,,,,,,,,,,,,B,250425.0,2025-08-07,1,1
B250520-1-3 M5,1,11.41,24,19.9,-848.0,M5,3.0,1.0,0.0689999999999999,-1.2103503993288682,217,156,2025-08-08,1,5.31,6.1,24,7.24,11.01,激光,150.06,148.25,147.12,148.52,168.41,169.34,170.05,168.76,5.316,5.285,5.331,5.354,5.258,6.147,6.108,5.947,6.076,6.057,,B,250520.0,2025-08-08,1,1
B250520-1-3 M6,1,11.41,24,19.9,-847.0,M6,3.0,1.0,,-1.2103503993288682,217,157,2025-08-08,1,5.31,6.1,24,7.24,11.01,激光,,,,,,,,,,,,,,,,,,,,B,250520.0,2025-08-08,1,1
B250520-1-3 M4,1,11.41,24,20.1,-847.0,M4,3.0,1.0,,-1.2103503993288682,217,158,2025-08-08,1,5.31,6.1,24,7.24,11.01,激光,,,,,,,,,,,,,,,,,,,,B,250520.0,2025-08-08,1,1
B250520-1-3 M8,1,11.41,24,20.0,-848.0,M8,3.0,1.0,,-1.2103503993288682,217,159,2025-08-08,1,5.31,6.1,24,7.24,11.01,激光,,,,,,,,,,,,,,,,,,,,B,250520.0,2025-08-08,1,1
B250520-1-3 M7,0,11.41,24,20.0,-848.0,M7,3.0,1.0,0.0689999999999999,-1.2103503993288682,217,160,2025-08-08,2,5.31,6.1,24,7.24,11.01,激光,150.49,150.13,149.13,150.07,168.87,170.74,170.85,169.44,5.316,5.285,5.331,5.354,5.258,6.147,6.108,5.947,6.076,6.057,,B,250520.0,2025-08-08,1,0
B250520-1-3 M9,1,11.41,24,19.9,-849.0,M9,3.0,1.0,,-1.2103503993288682,217,161,2025-08-08,1,5.31,6.1,24,7.24,11.01,激光,,,,,,,,,,,,,,,,,,,,B,250520.0,2025-08-08,1,1
B250609-1-2-A M1,1,11.42,24,19.8,-851.0,M1,2.0,1.0,,-1.758223752281168,221,162,2025-08-12,1,5.31,6.11,24,6.79,10.01,十字,,,,,,,,,,,,,,,,,,,,B,250609.0,2025-08-12,0,1
B250609-1-2 M6,1,11.42,24,20.1,-853.0,M6,2.0,1.0,,-1.758223752281168,223,163,2025-08-14,1,5.31,6.11,24,6.79,10.01,十字,,,,,,,,,,,,,,,,,,,,B,250609.0,2025-08-14,0,1
B250609-1-2 M4,1,11.42,24,20.1,-853.0,M4,2.0,1.0,0.0689999999999999,-1.758223752281168,223,164,2025-08-14,1,5.31,6.11,24,6.79,10.01,激光,151.4,149.96,148.64,149.17,170.02,169.62,170.21,170.16,5.316,5.285,5.331,5.354,5.258,6.081,6.038,6.071,6.026,6.058,,B,250609.0,2025-08-14,1,1
B250609-1-2 M7,0,11.42,24,19.9,-854.0,M7,2.0,1.0,,-1.758223752281168,224,165,2025-08-15,2,5.31,6.11,24,6.79,10.01,激光,,,,,,,,,,,,,,,,,,,,B,250609.0,2025-08-15,1,0
B250609-1-2 M8,1,11.73,24,20.0,-853.0,M8,2.0,1.0,,-1.758223752281168,224,166,2025-08-15,1,5.62,6.11,24,6.79,10.01,十字,,,,,,,,,,,,,,,,,,,,B,250609.0,2025-08-15,0,1
B250609-1-2 M9,1,11.73,24,20.0,-851.0,M9,2.0,1.0,0.2530000000000001,-1.758223752281168,227,167,2025-08-18,1,5.62,6.11,24,6.79,10.01,激光,148.11,146.73,147.31,148.4,172.68,172.47,173.58,173.13,5.437,5.573,5.654,5.69,5.698,6.081,6.038,6.071,6.026,6.058,,B,250609.0,2025-08-18,1,1
B250520-1-7 左615,0,11.15,24,19.9,-849.0,,,,,,229,168,2025-08-20,2,5.62,5.53,24,,,十字,,,,,,,,,,,,,,,,,,,,,,2025-08-20,0,0
B250520-1-6 左615,1,11.71,24,19.9,-850.0,,,,,,230,169,2025-08-21,1,5.62,6.09,24,,,激光,,,,,,,,,,,,,,,,,,,,,,2025-08-21,1,1
B250520-1-7 右615,0,11.15,24,19.9,-851.0,,,,0.2530000000000001,,231,170,2025-08-22,2,5.62,5.53,24,,,激光,148.45,145.75,147.33,149.04,165.61,165.94,166.31,165.92,5.437,5.573,5.654,5.69,5.698,5.293,5.746,5.606,5.53,5.537,,,,2025-08-22,1,0
B250520-1-6 右615,1,11.71,24,19.9,-852.0,,,,,,231,171,2025-08-22,1,5.62,6.09,24,,,十字,,,,,,,,,,,,,,,,,,,,,,2025-08-22,0,1
B250609-1-3 右615,0,12.13,24,20.2,-848.0,,,,0.2530000000000001,,241,172,2025-09-01,2,5.66,6.47,24,,,激光,150.4,146.96,147.84,150.92,171.74,171.49,171.54,171.73,5.437,5.573,5.654,5.69,5.698,6.383,6.402,6.583,6.698,6.429,,,,2025-09-01,1,0
B250703-1-2 左615,1,11.21,22,19.9,-854.0,,,,0.2530000000000001,,247,173,2025-09-07,1,5.62,5.59,22,,,激光,154.22,152.9,152.01,152.67,169.37,170.1,171.32,170.76,5.437,5.573,5.654,5.69,5.698,5.576,5.464,5.449,5.62,5.59,,,,2025-09-07,1,1
B250818-2-2 M1,1,12.05,22,20.0,-852.0,M1,2.0,2.0,0.2530000000000001,,250,174,2025-09-10,1,5.62,6.43,22,,,激光,147.9,148.57,149.22,147.49,169.36,169.21,169.99,169.89,5.437,5.573,5.654,5.69,5.698,6.336,6.313,6.416,6.452,6.395,,B,250818.0,2025-09-10,1,1
B250818-2-2 M2,1,12.05,21,19.9,-851.0,M2,2.0,2.0,,,252,175,2025-09-12,1,5.62,6.43,21,,,激光,,,,,,,,,,,,,,,,,,,,B,250818.0,2025-09-12,1,1
B250818-2-2 M3,1,12.05,21,19.9,-852.0,M3,2.0,2.0,,,255,176,2025-09-15,1,5.62,6.43,21,,,激光,,,,,,,,,,,,,,,,,,,,B,250818.0,2025-09-15,1,1
B250724-1-2 M1,1,11.71,23,20.6,-859.0,M1,2.0,1.0,0.2530000000000001,,257,177,2025-09-17,1,5.62,6.09,23,,,激光,149.24,148.26,146.22,147.34,171.15,172.06,173.79,171.88,5.437,5.573,5.654,5.69,5.698,6.019,6.256,6.106,6.039,6.034,,B,250724.0,2025-09-17,1,1
B250818-2-2 M4,1,12.05,21,20.1,-858.0,M4,2.0,2.0,0.2530000000000001,,258,180,2025-09-18,1,5.62,6.43,21,,,激光,148.29,147.05,148.01,149.29,170.52,171.0,171.09,171.25,5.437,5.573,5.654,5.69,5.698,6.336,6.313,6.416,6.452,6.395,,B,250818.0,2025-09-18,1,1
B250725-1-2 左搭载,1,11.89,22,19.8,-858.0,,,,0.2530000000000001,,258,178,2025-09-18,1,5.62,6.27,22,,,激光,149.23,147.86,147.73,147.82,170.57,171.07,171.45,171.68,5.437,5.573,5.654,5.69,5.698,6.185,6.324,6.268,6.225,6.392,,,,2025-09-18,1,1
B250725-1-3 右搭载,1,12.34,20,19.9,-858.0,,,,0.2530000000000001,,258,179,2025-09-18,0,5.62,6.72,20,,,激光,149.19,146.67,147.75,147.4,168.94,169.94,169.09,168.22,5.437,5.573,5.654,5.69,5.698,6.683,6.747,6.678,6.627,6.622,,,,2025-09-18,1,1
B250818-2-2 M5,1,12.05,21,19.9,-854.0,M5,2.0,2.0,,,259,181,2025-09-19,1,5.62,6.43,21,,,激光,,,,,,,,,,,,,,,,,,,,B,250818.0,2025-09-19,1,1
B250818-2-2 M6,1,12.05,21,20.0,-859.0,M6,2.0,2.0,0.2530000000000001,,262,182,2025-09-22,1,5.62,6.43,21,,,激光,151.47,150.12,149.86,149.04,170.76,171.28,171.49,171.64,5.437,5.573,5.654,5.69,5.698,6.336,6.313,6.416,6.452,6.395,,B,250818.0,2025-09-22,1,1
B250818-2-2 M7,1,12.05,21,19.9,-859.0,M7,2.0,2.0,0.2530000000000001,,262,183,2025-09-22,1,5.62,6.43,21,,,激光,151.17,149.84,149.55,149.99,172.95,173.61,173.55,173.59,5.437,5.573,5.654,5.69,5.698,6.336,6.313,6.416,6.452,6.395,,B,250818.0,2025-09-22,1,1
B250703-1-3 左搭载,1,12.43,20,20.1,-857.0,,,,0.2530000000000001,,262,184,2025-09-22,1,5.62,6.81,20,,,激光,153.05,152.09,152.06,151.12,171.12,171.48,174.16,172.75,5.437,5.573,5.654,5.69,5.698,6.639,6.768,6.911,6.954,6.738,,,,2025-09-22,1,1
B250724-1-2 M2,1,11.71,23,19.9,-856.0,M2,2.0,1.0,0.2530000000000001,,263,185,2025-09-23,1,5.62,6.09,23,,,激光,151.52,148.9,148.39,150.0,169.67,170.1,170.69,170.61,5.437,5.573,5.654,5.69,5.698,6.019,6.256,6.106,6.039,6.034,,B,250724.0,2025-09-23,1,1
B250724-1-2 M5,1,11.71,23,20.0,-854.0,M5,2.0,1.0,0.2530000000000001,,263,186,2025-09-23,1,5.62,6.09,23,,,激光,152.3,151.33,150.22,151.43,172.7,172.61,173.2,173.05,5.437,5.573,5.654,5.69,5.698,6.019,6.256,6.106,6.039,6.034,,B,250724.0,2025-09-23,1,1
B250725-1-4 无,1,12.79,20,19.9,-853.0,,,,,-0.7820130506570696,264,188,2025-09-24,1,5.86,6.93,20,6.69,10.89,激光,149.69,148.91,148.15,148.96,171.72,171.02,170.79,171.51,,,,,,,,,,,,,,2025-09-24,1,1
B250521-1-5 左搭载,1,12.16,21,19.9,-855.0,,,,0.2530000000000001,,264,187,2025-09-24,1,5.62,6.54,21,,,激光,151.02,150.53,149.22,149.92,169.35,170.24,173.51,172.4,5.437,5.573,5.654,5.69,5.698,6.33,6.557,6.642,6.593,6.772,,,,2025-09-24,1,1
B250818-2-2 M8,1,12.05,21,20.2,-856.0,M8,2.0,2.0,0.2530000000000001,,265,189,2025-09-25,1,5.62,6.43,21,,,激光,151.11,151.09,150.01,150.42,174.54,175.26,175.54,175.82,5.437,5.573,5.654,5.69,5.698,6.336,6.313,6.416,6.452,6.395,,B,250818.0,2025-09-25,1,1
B250818-2-2 M9,1,12.05,21,20.0,-857.0,M9,2.0,2.0,0.2530000000000001,,265,190,2025-09-25,1,5.62,6.43,21,,,激光,151.82,152.29,150.92,150.84,174.15,173.72,174.82,173.91,5.437,5.573,5.654,5.69,5.698,6.336,6.313,6.416,6.452,6.395,,B,250818.0,2025-09-25,1,1
B250724-1-2 M6,1,11.71,23,20.1,-858.0,M6,2.0,1.0,0.2530000000000001,,266,191,2025-09-26,1,5.62,6.09,23,,,激光,153.96,152.46,152.27,152.67,170.98,171.44,171.52,172.12,5.437,5.573,5.654,5.69,5.698,6.019,6.256,6.106,6.039,6.034,,B,250724.0,2025-09-26,1,1
B250724-1-2 M7,0,11.71,23,20.0,-859.0,M7,2.0,1.0,0.2530000000000001,,266,192,2025-09-26,2,5.62,6.09,23,,,激光,153.6,152.0,151.58,150.95,170.5,171.53,171.84,170.86,5.437,5.573,5.654,5.69,5.698,6.019,6.256,6.106,6.039,6.034,,B,250724.0,2025-09-26,1,0
B250725-1-4 M2,1,12.79,20,19.9,-853.0,M2,4.0,1.0,1.082,-0.7820130506570696,270,193,2025-09-30,1,5.86,6.93,20,6.69,10.89,激光,150.36,150.26,149.5,149.91,173.1,173.55,174.25,172.54,6.463,5.381,5.558,6.14,5.832,6.979,6.889,6.87,6.93,6.907,,B,250725.0,2025-09-30,1,1
B250521-1-5 右,1,12.16,21,20.1,-854.0,,,,0.2530000000000001,,285,194,2025-10-15,1,5.62,6.54,21,,,激光,149.61,147.79,148.1,146.46,171.95,173.46,171.37,170.78,5.437,5.573,5.654,5.69,5.698,6.33,6.557,6.642,6.593,6.772,,,,2025-10-15,1,1
B250703-1-3 右,1,12.43,20,20.1,-854.0,,,,0.2530000000000001,,285,195,2025-10-15,1,5.62,6.81,20,,,激光,147.9,148.08,147.32,148.88,171.46,171.16,170.7,170.45,5.437,5.573,5.654,5.69,5.698,6.639,6.768,6.911,6.954,6.738,,,,2025-10-15,1,1
B250725-1-4 M3,1,12.79,20,20.2,-857.0,M3,4.0,1.0,0.2530000000000001,-0.7820130506570696,286,196,2025-10-16,0,5.86,6.93,20,6.69,10.89,激光,147.93,147.52,146.81,147.62,171.95,171.48,172.27,173.96,5.437,5.573,5.654,5.69,5.698,6.979,6.889,6.87,6.93,6.907,,B,250725.0,2025-10-16,1,1
B250724-1-2 M9,1,11.71,22,20.2,-860.0,M9,2.0,1.0,0.2530000000000001,0.234042985727196,287,197,2025-10-17,1,5.62,6.09,22,5.49,10.71,激光,149.14,149.07,148.25,147.81,171.31,171.52,172.2,171.77,5.437,5.573,5.654,5.69,5.698,6.019,6.256,6.106,6.039,6.034,,B,250724.0,2025-10-17,1,1
B250818-2-5 M3,1,11.89,22,20.0,-861.0,M3,5.0,2.0,,,291,198,2025-10-21,1,5.62,6.27,22,,,激光,,,,,,,,,,,,,,,,,,,,B,250818.0,2025-10-21,1,1
B250818-2-5 M4,0,11.89,22,20.1,-862.0,M4,5.0,2.0,0.2530000000000001,,294,199,2025-10-24,2,5.62,6.27,22,,,激光,153.26,151.14,151.06,150.75,172.0,172.1,172.8,172.72,5.437,5.573,5.654,5.69,5.698,6.4,6.368,6.293,6.251,6.268,,B,250818.0,2025-10-24,1,0
B250818-2-5 M8,0,11.89,22,20.3,-862.0,M8,5.0,2.0,0.2530000000000001,,294,200,2025-10-24,2,5.62,6.27,22,,,激光,152.17,150.88,151.0,152.17,171.34,171.06,171.68,171.06,5.437,5.573,5.654,5.69,5.698,6.4,6.368,6.293,6.251,6.268,,B,250818.0,2025-10-24,1,0
GZ251017-1-B M4,0,11.92,20,20.1,-852.0,,,,0.2530000000000001,,299,201,2025-10-29,2,5.62,6.3,20,,,激光,150.34,148.86,148.54,150.61,172.23,171.94,172.43,172.4,5.437,5.573,5.654,5.69,5.698,6.26,6.514,6.225,6.29,6.194,,,,2025-10-29,1,0
B250703-1-6 左,1,11.8,20,20.1,-855.0,,,,0.2530000000000001,,301,202,2025-10-31,0,5.62,6.18,20,,,激光,148.22,147.86,147.63,148.93,170.98,171.79,173.84,173.26,5.437,5.573,5.654,5.69,5.698,6.163,6.107,6.232,6.17,6.208,,,,2025-10-31,1,1
B250703-1-6 右,1,11.8,21,20.0,-855.0,,,,0.2530000000000001,,301,203,2025-10-31,1,5.62,6.18,21,,,激光,147.91,145.27,146.96,147.6,173.17,175.42,174.21,173.4,5.437,5.573,5.654,5.69,5.698,6.163,6.107,6.232,6.17,6.208,,,,2025-10-31,1,1
B250725-1-5 左,1,12.09,21,20.0,-855.0,,,,0.2530000000000001,,301,204,2025-10-31,1,5.62,6.47,21,,,激光,147.62,146.31,146.86,147.83,169.15,170.82,171.37,170.7,5.437,5.573,5.654,5.69,5.698,6.487,6.495,6.375,6.487,6.485,,,,2025-10-31,1,1
GZ251017-1-B M2,1,12.39,19,20.0,-854.0,,,,0.2099999999999999,,306,205,2025-11-05,1,6.09,6.3,19,,,激光,151.78,149.26,148.99,150.11,169.56,170.44,170.7,170.13,6.032,5.995,6.205,6.114,6.102,6.26,6.514,6.225,6.29,6.194,,,,2025-11-05,1,1
B251023-2-4 M1,1,12.67,19,19.9,-855.0,M1,4.0,2.0,0.2099999999999999,-0.2939076998450213,307,207,2025-11-06,0,6.09,6.58,19,6.32,11.01,激光,151.52,149.52,149.05,150.74,168.98,170.65,171.42,169.89,6.032,5.995,6.205,6.114,6.102,6.497,6.633,6.465,6.636,6.69,,B,251023.0,2025-11-06,1,1
B251023-1-3 M5,1,12.65,19,20.1,-855.0,M5,3.0,1.0,0.2099999999999999,0.0547389793064418,307,206,2025-11-06,0,6.09,6.56,19,6.08,11.12,激光,149.94,148.47,150.58,151.04,169.51,169.95,170.1,169.73,6.032,5.995,6.205,6.114,6.102,6.485,6.596,6.606,6.598,6.517,,B,251023.0,2025-11-06,1,1
B251023-2-4 M2,1,12.67,19,19.9,-856.0,M2,4.0,2.0,0.2099999999999999,-0.2939076998450213,312,208,2025-11-11,0,6.09,6.58,19,6.32,11.01,激光,152.16,149.72,148.94,149.61,169.78,170.05,171.07,170.43,6.032,5.995,6.205,6.114,6.102,6.497,6.633,6.465,6.636,6.69,,B,251023.0,2025-11-11,1,1
B251023-2-4 M4,1,12.67,19,19.9,-856.0,M4,4.0,2.0,0.2099999999999999,-0.2939076998450213,312,209,2025-11-11,1,6.09,6.58,19,6.32,11.01,激光,149.25,148.66,149.37,149.79,171.21,172.88,172.89,171.75,6.032,5.995,6.205,6.114,6.102,6.497,6.633,6.465,6.636,6.69,,B,251023.0,2025-11-11,1,1
B251023-2-4 M6,1,12.67,19,20.1,-854.0,M6,4.0,2.0,0.2099999999999999,-0.2939076998450213,312,210,2025-11-11,0,6.09,6.58,19,6.32,11.01,激光,150.83,147.9,149.13,150.16,172.55,172.53,172.66,172.62,6.032,5.995,6.205,6.114,6.102,6.497,6.633,6.465,6.636,6.69,,B,251023.0,2025-11-11,1,1
B250723-2-7 M1,1,12.35,19,20.3,-855.0,M1,7.0,2.0,0.2099999999999999,-0.1046423597342264,313,211,2025-11-12,0,6.09,6.26,19,6.03,10.91,激光,151.48,149.7,150.24,151.41,169.43,170.56,171.36,170.5,6.032,5.995,6.205,6.114,6.102,6.297,6.365,6.2,6.168,6.264,,B,250723.0,2025-11-12,1,1
B251022-2-2 M3,1,12.74,19,20.2,-855.0,M3,2.0,2.0,0.2099999999999999,,313,212,2025-11-12,0,6.09,6.65,19,,,激光,150.86,149.23,149.01,150.63,169.91,170.5,170.82,170.65,6.032,5.995,6.205,6.114,6.102,6.695,6.512,6.778,6.574,6.667,,B,251022.0,2025-11-12,1,1
B251023-2-4 M9,1,12.67,19,20.3,-856.0,M9,4.0,2.0,0.2099999999999999,-0.2939076998450213,313,213,2025-11-12,0,6.09,6.58,19,6.32,11.01,激光,150.19,149.4,149.61,150.96,171.51,172.02,172.1,172.31,6.032,5.995,6.205,6.114,6.102,6.497,6.633,6.465,6.636,6.69,,B,251023.0,2025-11-12,1,1
B251023-2-4 M7,1,12.67,19,20.2,-859.0,M7,4.0,2.0,0.2099999999999999,-0.2939076998450213,314,214,2025-11-13,0,6.09,6.58,19,6.32,11.01,激光,150.61,148.33,148.75,150.8,168.23,169.82,170.04,168.99,6.032,5.995,6.205,6.114,6.102,6.497,6.633,6.465,6.636,6.69,,B,251023.0,2025-11-13,1,1
B251023-2-4 M8,1,12.67,19,20.2,-859.0,M8,4.0,2.0,0.2099999999999999,-0.2939076998450213,314,215,2025-11-13,0,6.09,6.58,19,6.32,11.01,激光,151.05,148.71,148.57,150.5,172.86,173.36,173.94,172.88,6.032,5.995,6.205,6.114,6.102,6.497,6.633,6.465,6.636,6.69,,B,251023.0,2025-11-13,1,1
B251023-1-3 M2,1,12.65,19,20.2,-855.0,M2,3.0,1.0,0.2099999999999999,0.0547389793064418,315,216,2025-11-14,0,6.09,6.56,19,6.08,11.12,激光,153.29,151.39,151.22,151.48,172.36,171.54,172.91,172.85,6.032,5.995,6.205,6.114,6.102,6.485,6.596,6.606,6.598,6.517,,B,251023.0,2025-11-14,1,1
B251023-1-3 M3,1,12.65,19,20.3,-854.0,M3,3.0,1.0,0.2099999999999999,0.0547389793064418,315,217,2025-11-14,0,6.09,6.56,19,6.08,11.12,激光,153.37,150.75,151.05,152.06,174.61,174.0,174.69,175.28,6.032,5.995,6.205,6.114,6.102,6.485,6.596,6.606,6.598,6.517,,B,251023.0,2025-11-14,1,1
B251107-2-5 M3,1,12.37,19,20.0,-857.0,M3,5.0,2.0,0.2099999999999999,-0.1046423597342255,316,218,2025-11-15,0,6.09,6.28,19,6.18,11.06,激光,148.36,148.48,148.27,148.96,169.04,169.85,170.0,169.83,6.032,5.995,6.205,6.114,6.102,6.325,6.262,6.261,6.266,6.298,,B,251107.0,2025-11-15,1,1
B251107-2-6 M2,1,12.69,19,20.2,-856.0,M2,6.0,2.0,0.2099999999999999,-0.3935210367454391,316,219,2025-11-15,0,6.09,6.6,19,6.15,10.74,激光,148.69,147.67,147.07,149.0,174.28,174.67,175.99,174.61,6.032,5.995,6.205,6.114,6.102,6.534,6.626,6.539,6.67,6.643,,B,251107.0,2025-11-15,1,1
B251107-2-6 M1,1,12.69,19,20.2,-857.0,M1,6.0,2.0,0.2099999999999999,-0.3935210367454391,316,220,2025-11-15,0,6.09,6.6,19,6.15,10.74,激光,153.23,150.92,150.35,152.34,173.11,173.71,173.98,174.35,6.032,5.995,6.205,6.114,6.102,6.534,6.626,6.539,6.67,6.643,,B,251107.0,2025-11-15,1,1
B251107-2-5 M2,1,12.37,19,20.3,-856.0,M2,5.0,2.0,0.2099999999999999,-0.1046423597342255,316,221,2025-11-15,0,6.09,6.28,19,6.18,11.06,激光,151.37,150.78,150.87,151.51,173.15,173.03,173.3,172.92,6.032,5.995,6.205,6.114,6.102,6.325,6.262,6.261,6.266,6.298,,B,251107.0,2025-11-15,1,1
B251023-1-3 M4,1,12.35,19,20.2,-871.0,M4,3.0,1.0,0.2099999999999999,0.0547389793064418,318,222,2025-11-17,0,6.09,6.26,19,6.08,11.12,激光,150.29,150.3,149.97,151.39,170.58,171.0,171.11,171.22,6.032,5.995,6.205,6.114,6.102,6.485,6.596,6.606,6.598,6.517,,B,251023.0,2025-11-17,1,1
B250723-2-7 M3,1,12.35,19,20.0,-866.0,M3,7.0,2.0,0.2099999999999999,-0.1046423597342264,319,223,2025-11-18,0,6.09,6.26,19,6.03,10.91,激光,154.68,151.73,150.56,152.29,172.06,172.18,173.25,173.01,6.032,5.995,6.205,6.114,6.102,6.297,6.365,6.2,6.168,6.264,,B,250723.0,2025-11-18,1,1
B251107-2-5 M8,1,12.37,19,20.2,-859.0,M8,5.0,2.0,0.2099999999999999,-0.1046423597342255,320,225,2025-11-19,0,6.09,6.28,19,6.18,11.06,激光,147.42,145.21,145.44,146.7,169.76,170.02,170.34,169.73,6.032,5.995,6.205,6.114,6.102,6.325,6.262,6.261,6.266,6.298,,B,251107.0,2025-11-19,1,1
B251107-2-5 M9,1,12.37,19,20.3,-859.0,M9,5.0,2.0,0.2099999999999999,-0.1046423597342255,320,226,2025-11-19,0,6.09,6.28,19,6.18,11.06,激光,147.93,145.82,145.9,147.31,169.69,170.44,170.32,170.14,6.032,5.995,6.205,6.114,6.102,6.325,6.262,6.261,6.266,6.298,,B,251107.0,2025-11-19,1,1
B251107-2-5 M7,1,12.37,19,20.1,-861.0,M7,5.0,2.0,0.2099999999999999,-0.1046423597342255,320,224,2025-11-19,0,6.09,6.28,19,6.18,11.06,激光,149.68,147.0,146.43,148.27,168.81,169.15,169.14,168.85,6.032,5.995,6.205,6.114,6.102,6.325,6.262,6.261,6.266,6.298,,B,251107.0,2025-11-19,1,1
B251107-2-5 M1,1,12.37,19,20.2,-860.0,M1,5.0,2.0,0.2099999999999999,-0.1046423597342255,321,227,2025-11-20,0,6.09,6.28,19,6.18,11.06,激光,148.5,145.89,146.49,147.38,168.02,168.79,169.96,168.35,6.032,5.995,6.205,6.114,6.102,6.325,6.262,6.261,6.266,6.298,,B,251107.0,2025-11-20,1,1
B251107-2-5 M4,1,12.37,19,20.3,-858.0,M4,5.0,2.0,0.2099999999999999,-0.1046423597342255,321,228,2025-11-20,0,6.09,6.28,19,6.18,11.06,激光,148.4,145.91,145.82,146.2,169.12,168.12,169.9,169.38,6.032,5.995,6.205,6.114,6.102,6.325,6.262,6.261,6.266,6.298,,B,251107.0,2025-11-20,1,1
B251107-2-5 M5,1,12.37,19,20.3,-858.0,M5,5.0,2.0,0.2099999999999999,-0.1046423597342255,321,229,2025-11-20,0,6.09,6.28,19,6.18,11.06,激光,147.23,145.82,146.15,146.46,170.35,171.1,171.52,170.68,6.032,5.995,6.205,6.114,6.102,6.325,6.262,6.261,6.266,6.298,,B,251107.0,2025-11-20,1,1
B251107-2-5 M6,1,12.37,19,20.3,-858.0,M6,5.0,2.0,0.2099999999999999,-0.1046423597342255,321,230,2025-11-20,0,6.09,6.28,19,6.18,11.06,激光,148.86,145.44,145.66,146.99,170.04,170.77,170.77,169.84,6.032,5.995,6.205,6.114,6.102,6.325,6.262,6.261,6.266,6.298,,B,251107.0,2025-11-20,1,1
B250723-2-7 M2,1,12.35,19,20.3,-858.0,M2,7.0,2.0,0.2099999999999999,-0.1046423597342264,325,231,2025-11-24,0,6.09,6.26,19,6.03,10.91,激光,150.56,149.2,147.9,150.47,171.96,173.23,173.92,173.73,6.032,5.995,6.205,6.114,6.102,6.297,6.365,6.2,6.168,6.264,,B,250723.0,2025-11-24,1,1
GZ251017-1 M5,1,12.39,19,20.3,-858.0,,,,0.2099999999999999,,325,232,2025-11-24,0,6.09,6.3,19,,,激光,151.22,150.13,148.65,150.19,171.48,172.21,173.13,172.42,6.032,5.995,6.205,6.114,6.102,6.26,6.514,6.225,6.29,6.194,,,,2025-11-24,1,1
B250723-2-7 M4,1,12.35,19,20.0,-854.0,M4,7.0,2.0,0.2099999999999999,-0.1046423597342264,326,233,2025-11-25,0,6.09,6.26,19,6.03,10.91,激光,150.7,150.21,150.37,150.4,171.43,172.05,172.66,172.19,6.032,5.995,6.205,6.114,6.102,6.297,6.365,6.2,6.168,6.264,,B,250723.0,2025-11-25,1,1
B251108-1-5 M2,1,12.64,19,20.3,-850.0,M2,5.0,1.0,0.2099999999999999,-0.6325930453064429,328,235,2025-11-27,0,6.09,6.55,19,5.76,10.11,激光,148.68,148.55,147.55,145.54,169.88,169.23,169.81,170.47,6.032,5.995,6.205,6.114,6.102,6.473,6.565,6.603,6.578,6.529,,B,251108.0,2025-11-27,1,1
B251108-1-4 M2,1,12.25,19,20.0,-853.0,M2,4.0,1.0,0.2099999999999999,-0.5329797084060242,328,234,2025-11-27,0,6.09,6.16,19,6.03,10.48,激光,148.84,147.07,145.98,147.45,172.39,172.47,172.39,172.15,6.032,5.995,6.205,6.114,6.102,6.126,6.136,6.163,6.169,6.213,,B,251108.0,2025-11-27,1,1
B250723-2-7 M6,1,12.35,19,20.3,-842.0,M6,7.0,2.0,0.2099999999999999,-0.1046423597342264,329,236,2025-11-28,0,6.09,6.26,19,6.03,10.91,激光,151.91,150.46,149.8,150.05,172.87,173.87,174.29,173.91,6.032,5.995,6.205,6.114,6.102,6.297,6.365,6.2,6.168,6.264,,B,250723.0,2025-11-28,1,1
B251107-2-6 M3,1,12.69,19,20.2,-842.0,M3,6.0,2.0,0.2099999999999999,-0.3935210367454391,332,237,2025-12-1,0,6.09,6.6,19,6.15,10.74,激光,150.13,147.78,147.95,148.3,170.6,171.63,171.99,169.59,6.032,5.995,6.205,6.114,6.102,6.534,6.626,6.539,6.67,6.643,,B,251107.0,2025-12-01,1,1
B251107-2-6 M5,1,12.69,19,20.2,-851.0,M5,6.0,2.0,0.2099999999999999,-0.3935210367454391,332,238,2025-12-1,0,6.09,6.6,19,6.15,10.74,激光,151.81,148.83,148.97,150.74,171.65,173.34,172.93,172.57,6.032,5.995,6.205,6.114,6.102,6.534,6.626,6.539,6.67,6.643,,B,251107.0,2025-12-01,1,1
B251107-2-6 M6,1,12.69,19,20.3,-848.0,M6,6.0,2.0,0.2099999999999999,-0.3935210367454391,332,239,2025-12-1,0,6.09,6.6,19,6.15,10.74,激光,151.17,148.46,148.82,148.99,172.54,172.79,173.53,171.55,6.032,5.995,6.205,6.114,6.102,6.534,6.626,6.539,6.67,6.643,,B,251107.0,2025-12-01,1,1
B250723-2-7 M5,1,12.35,19,20.2,-849.0,M5,7.0,2.0,0.2099999999999999,-0.1046423597342264,332,240,2025-12-1,0,6.09,6.26,19,6.03,10.91,激光,149.52,150.51,148.9,148.99,171.65,172.25,172.84,172.58,6.032,5.995,6.205,6.114,6.102,6.297,6.365,6.2,6.168,6.264,,B,250723.0,2025-12-01,1,1
B251108-1-2 M2,1,12.82,19,20.2,-854.0,M2,2.0,1.0,0.2099999999999999,-0.6226317116164013,334,245,2025-12-3,0,6.09,6.73,19,6.23,10.59,激光,149.55,149.3,149.01,149.06,171.67,172.32,173.46,172.29,6.032,5.995,6.205,6.114,6.102,6.748,6.726,6.815,6.756,6.626,,B,251108.0,2025-12-03,1,1
B251108-1-1 M1,1,12.45,19,20.3,-855.0,M1,1.0,1.0,0.2099999999999999,-0.4632503725757312,334,244,2025-12-3,0,6.09,6.36,19,6.2,10.72,激光,149.85,149.56,148.67,148.66,166.05,167.58,168.29,165.67,6.032,5.995,6.205,6.114,6.102,6.376,6.394,6.384,6.389,6.343,,B,251108.0,2025-12-03,1,1
B251108-1-4 M3,1,12.25,19,20.3,-855.0,M3,4.0,1.0,0.2099999999999999,-0.5329797084060242,334,242,2025-12-3,0,6.09,6.16,19,6.03,10.48,激光,150.86,151.14,150.64,150.38,170.04,170.58,170.08,171.06,6.032,5.995,6.205,6.114,6.102,6.126,6.136,6.163,6.169,6.213,,B,251108.0,2025-12-03,1,1
B251108-1-4 M1,1,12.25,19,20.3,-858.0,M1,4.0,1.0,0.2099999999999999,-0.5329797084060242,334,241,2025-12-3,0,6.09,6.16,19,6.03,10.48,十字,,,,,,,,,6.032,5.995,6.205,6.114,6.102,6.126,6.136,6.163,6.169,6.213,,B,251108.0,2025-12-03,0,1
B251108-1-4 M4,1,12.25,19,20.3,-855.0,M4,4.0,1.0,0.2099999999999999,-0.5329797084060242,334,243,2025-12-3,0,6.09,6.16,19,6.03,10.48,激光,149.35,149.03,148.45,148.77,169.68,169.71,169.88,169.71,6.032,5.995,6.205,6.114,6.102,6.126,6.136,6.163,6.169,6.213,,B,251108.0,2025-12-03,1,1
B251023-1-3 M6,1,12.329999999999998,19,20.3,-856.0,M6,3.0,1.0,0.1499999999999994,0.0547389793064418,335,246,2025-12-4,0,5.77,6.56,19,6.08,11.12,十字,,,,,,,,,5.895,5.863,5.775,5.745,5.576,6.485,6.596,6.606,6.598,6.517,,B,251023.0,2025-12-04,0,1
B251023-1-3 M7,1,12.329999999999998,19,20.3,-856.0,M7,3.0,1.0,0.1499999999999994,0.0547389793064418,335,247,2025-12-4,0,5.77,6.56,19,6.08,11.12,激光,148.1,147.48,146.45,147.07,170.3,171.41,171.34,170.99,5.895,5.863,5.775,5.745,5.576,6.485,6.596,6.606,6.598,6.517,,B,251023.0,2025-12-04,1,1
B251108-1-5 M4,1,12.32,19,20.2,-853.0,M4,5.0,1.0,0.1499999999999994,-0.6325930453064429,336,248,2025-12-5,0,5.77,6.55,19,5.76,10.11,激光,148.9,147.17,148.22,147.77,170.31,170.75,171.34,169.06,5.895,5.863,5.775,5.745,5.576,6.473,6.565,6.603,6.578,6.529,,B,251108.0,2025-12-05,1,1
B251108-1-5 M5,1,12.32,19,20.3,-849.0,M5,5.0,1.0,0.1499999999999994,-0.6325930453064429,336,249,2025-12-5,0,5.77,6.55,19,5.76,10.11,激光,149.39,148.11,148.45,148.7,170.72,170.83,170.73,171.34,5.895,5.863,5.775,5.745,5.576,6.473,6.565,6.603,6.578,6.529,,B,251108.0,2025-12-05,1,1
B251108-1-5 M7,1,12.32,19,20.3,-855.0,M7,5.0,1.0,0.1499999999999994,-0.6325930453064429,339,250,2025-12-8,0,5.77,6.55,19,5.76,10.11,激光,151.21,151.47,150.2,149.12,168.12,168.18,168.4,168.69,5.895,5.863,5.775,5.745,5.576,6.473,6.565,6.603,6.578,6.529,,B,251108.0,2025-12-08,1,1
B251108-1-5 M8,1,12.32,19,20.3,-855.0,M8,5.0,1.0,0.1499999999999994,-0.6325930453064429,339,251,2025-12-8,0,5.77,6.55,19,5.76,10.11,激光,149.91,149.46,148.57,147.94,168.01,167.74,168.19,168.43,5.895,5.863,5.775,5.745,5.576,6.473,6.565,6.603,6.578,6.529,,B,251108.0,2025-12-08,1,1
B251108-1-2 M1,1,12.5,19,20.1,-854.0,M1,2.0,1.0,0.1499999999999994,-0.6226317116164013,340,252,2025-12-9,0,5.77,6.73,19,6.23,10.59,十字,,,,,,,,,5.895,5.863,5.775,5.745,5.576,6.748,6.726,6.815,6.756,6.626,,B,251108.0,2025-12-09,0,1
B251108-1-2 M3,1,12.5,19,20.3,-851.0,M3,2.0,1.0,0.1499999999999994,-0.6226317116164013,340,253,2025-12-9,0,5.77,6.73,19,6.23,10.59,激光,147.66,146.79,146.52,146.88,170.19,171.02,171.82,172.27,5.895,5.863,5.775,5.745,5.576,6.748,6.726,6.815,6.756,6.626,,B,251108.0,2025-12-09,1,1
B251108-1-2 M4,1,12.5,19,20.2,-851.0,M4,2.0,1.0,0.1499999999999994,-0.6226317116164013,340,254,2025-12-9,0,5.77,6.73,19,6.23,10.59,十字,,,,,,,,,5.895,5.863,5.775,5.745,5.576,6.748,6.726,6.815,6.756,6.626,,B,251108.0,2025-12-09,0,1
B251108-1-1 M3,1,12.04,19,20.3,-849.0,M3,1.0,1.0,0.1499999999999994,-0.4632503725757312,341,257,2025-12-10,0,5.77,6.27,19,6.2,10.72,激光,149.27,148.83,147.18,147.87,171.4,172.16,172.44,171.84,5.895,5.863,5.775,5.745,5.576,6.376,6.394,6.384,6.389,6.343,,B,251108.0,2025-12-10,1,1
B251108-1-1 M2,1,12.04,19,20.1,-849.0,M2,1.0,1.0,0.1499999999999994,-0.4632503725757312,341,255,2025-12-10,0,5.77,6.27,19,6.2,10.72,激光,146.41,148.36,148.23,147.87,171.71,171.27,172.08,171.39,5.895,5.863,5.775,5.745,5.576,6.376,6.394,6.384,6.389,6.343,,B,251108.0,2025-12-10,1,1
B251108-1-1 M4,1,12.04,19,20.2,-849.0,M4,1.0,1.0,0.1499999999999994,-0.4632503725757312,341,256,2025-12-10,0,5.77,6.27,19,6.2,10.72,激光,147.77,149.25,146.55,148.19,171.56,171.81,172.22,170.99,5.895,5.863,5.775,5.745,5.576,6.376,6.394,6.384,6.389,6.343,,B,251108.0,2025-12-10,1,1
B251107-2-4 右,1,11.86,19,20.3,-854.0,,,,0.1499999999999994,,342,260,2025-12-11,0,5.77,6.09,19,,,激光,149.17,148.87,147.34,148.32,169.24,170.25,171.42,170.1,5.895,5.863,5.775,5.745,5.576,6.251,6.212,6.118,6.172,6.253,,,,2025-12-11,1,1
B250723-2-3 左,1,11.86,19,20.3,-854.0,,,,0.1499999999999994,,342,261,2025-12-11,0,5.77,6.09,19,,,十字,,,,,,,,,5.895,5.863,5.775,5.745,5.576,6.23,6.181,6.265,6.234,6.233,,,,2025-12-11,0,1
B250609-1-7 右,1,11.86,19,20.3,-854.0,,,,0.1499999999999994,,342,258,2025-12-11,0,5.77,6.09,19,,,激光,148.92,148.68,147.02,148.28,171.9,171.88,171.31,171.01,5.895,5.863,5.775,5.745,5.576,6.06,6.027,6.076,6.141,6.123,,,,2025-12-11,1,1
B250609-1-7 左,1,11.86,19,20.3,-854.0,,,,0.1499999999999994,,342,259,2025-12-11,0,5.77,6.09,19,,,激光,149.34,149.03,147.61,148.22,169.79,169.81,172.13,171.92,5.895,5.863,5.775,5.745,5.576,6.06,6.027,6.076,6.141,6.123,,,,2025-12-11,1,1
B251108-1-7 M2,1,12.11,19,20.3,-856.0,M2,7.0,1.0,0.1499999999999994,,343,265,2025-12-12,0,5.77,6.34,19,,,激光,150.83,150.15,149.56,150.24,170.7,170.49,171.62,171.5,5.895,5.863,5.775,5.745,5.576,6.369,6.265,6.474,6.269,6.304,,B,251108.0,2025-12-12,1,1
B251108-1-6 M1,1,12.14,19,20.2,-858.0,M1,6.0,1.0,0.1499999999999994,-0.9812397244579052,343,264,2025-12-12,0,5.77,6.37,19,6.05,10.05,激光,148.07,148.04,147.36,147.48,173.65,174.52,174.81,174.56,5.895,5.863,5.775,5.745,5.576,6.402,6.321,6.402,6.352,6.37,,B,251108.0,2025-12-12,1,1
B251107-2-4 左,1,11.97,19,20.2,-857.0,,,,0.1499999999999994,,343,262,2025-12-12,0,5.77,6.2,19,,,激光,148.69,148.66,147.52,148.13,171.22,172.78,172.61,171.1,5.895,5.863,5.775,5.745,5.576,6.251,6.212,6.118,6.172,6.253,,,,2025-12-12,1,1
B250821-1-4 右,1,11.91,19,20.3,-858.0,,,,0.1499999999999994,,343,263,2025-12-12,0,5.77,6.14,19,,,激光,148.75,148.03,147.64,147.1,173.94,175.77,175.67,175.09,5.895,5.863,5.775,5.745,5.576,6.045,6.151,6.126,6.238,6.144,,,,2025-12-12,1,1
B251108-1-1 M5,1,12.13,19,20.3,-852.0,M5,1.0,1.0,0.1499999999999994,-0.4632503725757312,347,266,2025-12-16,0,5.77,6.36,19,6.2,10.72,激光,150.8,150.01,149.76,150.16,171.76,172.98,172.1,171.89,5.895,5.863,5.775,5.745,5.576,6.376,6.394,6.343,6.384,6.389,,B,251108.0,2025-12-16,1,1
B251108-1-1 M6,1,12.13,19,20.3,-852.0,M6,1.0,1.0,0.1499999999999994,-0.4632503725757312,347,267,2025-12-16,0,5.77,6.36,19,6.2,10.72,激光,151.36,151.05,149.81,150.12,172.3,172.67,172.95,172.15,5.895,5.863,5.775,5.745,5.576,6.376,6.394,6.343,6.384,6.389,,B,251108.0,2025-12-16,1,1
B251108-1-2 M7,1,12.13,19,20.1,-851.0,M7,2.0,1.0,0.1499999999999994,-0.6226317116164013,347,268,2025-12-16,0,5.77,6.36,19,6.23,10.59,激光,150.72,150.6,149.57,149.76,170.01,172.16,171.87,171.0,5.895,5.863,5.775,5.745,5.576,6.748,6.726,6.626,6.815,6.756,,B,251108.0,2025-12-16,1,1
G2304009-CL1 M2,1,12.12,19,20.3,-842.0,,,,0.2669999999999994,,349,269,2025-12-18,0,5.75,6.37,19,,,激光,150.07,149.83,149.2,149.12,172.71,173.35,173.73,173.25,5.922,5.807,5.655,5.664,5.703,6.419,6.317,6.418,6.358,6.345,,,,2025-12-18,1,1
B251108-1-2 M5,1,12.48,19,20.3,-842.0,M5,2.0,1.0,0.2669999999999994,-0.6226317116164013,349,270,2025-12-18,0,5.75,6.73,19,6.23,10.59,激光,150.21,149.51,149.13,149.46,171.2,172.32,171.44,171.51,5.922,5.807,5.655,5.664,5.703,6.748,6.726,6.626,6.815,6.756,,B,251108.0,2025-12-18,1,1
B251108-1-1 M8,1,12.11,19,20.3,-842.0,M8,1.0,1.0,0.2669999999999994,-0.4632503725757312,349,271,2025-12-18,0,5.75,6.36,19,6.2,10.72,激光,153.77,153.25,152.5,152.84,171.45,172.08,171.91,170.72,5.922,5.807,5.655,5.664,5.703,6.376,6.394,6.343,6.384,6.389,,B,251108.0,2025-12-18,1,1
B251108-1-1 M7,1,12.11,19,20.3,-842.0,M7,1.0,1.0,0.2669999999999994,-0.4632503725757312,349,272,2025-12-18,0,5.75,6.36,19,6.2,10.72,激光,149.13,148.28,147.86,148.26,171.41,173.17,171.64,172.32,5.922,5.807,5.655,5.664,5.703,6.376,6.394,6.343,6.384,6.389,,B,251108.0,2025-12-18,1,1
B251108-1-2 M6,1,12.48,19,20.3,-842.0,M6,2.0,1.0,0.2669999999999994,-0.6226317116164013,349,273,2025-12-18,0,5.75,6.73,19,6.23,10.59,十字,,,,,,,,,5.922,5.807,5.655,5.664,5.703,6.748,6.726,6.626,6.815,6.756,,B,251108.0,2025-12-18,0,1
B251118-1-5 M5,1,12.21,19,20.3,-846.0,M5,5.0,1.0,0.2669999999999994,-0.254062365084854,350,280,2025-12-19,0,5.75,6.46,19,6.04,10.77,十字,,,,,,,,,5.922,5.807,5.655,5.664,5.703,6.535,6.459,6.459,6.471,6.394,,B,251118.0,2025-12-19,0,1
B250724-1-2 M3,1,12.18,19,20.3,-845.0,M3,2.0,1.0,0.2099999999999999,,350,278,2025-12-19,0,6.09,6.09,19,,,激光,146.46,146.33,146.54,145.45,170.97,170.48,171.52,172.26,6.032,5.995,6.205,6.114,6.102,6.091,6.149,6.112,6.042,6.051,,B,250724.0,2025-12-19,1,1
B250724-1-2 M4,1,11.84,19,20.3,-845.0,M4,2.0,1.0,0.2669999999999994,,350,277,2025-12-19,0,5.75,6.09,19,,,激光,148.75,148.22,147.37,147.46,173.99,174.83,174.84,174.94,5.922,5.807,5.655,5.664,5.703,6.091,6.149,6.112,6.042,6.051,,B,250724.0,2025-12-19,1,1
B251118-1-5 M6,1,12.21,19,20.3,-846.0,M6,5.0,1.0,0.2669999999999994,-0.254062365084854,350,279,2025-12-19,0,5.75,6.46,19,6.04,10.77,激光,148.73,148.53,147.55,148.0,166.89,169.12,169.44,169.31,5.922,5.807,5.655,5.664,5.703,6.535,6.459,6.459,6.471,6.394,,B,251118.0,2025-12-19,1,1
B251118-1-4 M1,1,12.19,19,20.3,-845.0,M1,4.0,1.0,0.2669999999999994,-0.7122837148267774,350,275,2025-12-19,0,5.75,6.44,19,6.32,10.59,激光,149.28,148.28,146.4,147.98,168.94,170.06,171.83,169.48,5.922,5.807,5.655,5.664,5.703,6.427,6.399,6.468,6.551,6.34,,B,251118.0,2025-12-19,1,1
B240724-1-2 M8,1,11.86,19,20.1,-844.0,M8,2.0,1.0,0.1499999999999994,,350,274,2025-12-19,0,5.77,6.09,19,,,激光,149.0,148.23,148.4,148.51,172.35,169.22,173.21,171.06,5.895,5.863,5.775,5.745,5.576,6.091,6.149,6.112,6.042,6.051,,B,240724.0,2025-12-19,1,1
B251118-1-4 M2,1,12.19,19,20.3,-848.0,M2,4.0,1.0,0.2669999999999994,-0.7122837148267774,350,276,2025-12-19,0,5.75,6.44,19,6.32,10.59,激光,149.3,148.72,147.8,148.47,170.11,171.32,170.68,169.33,5.922,5.807,5.655,5.664,5.703,6.427,6.399,6.468,6.551,6.34,,B,251118.0,2025-12-19,1,1
B251108-1-6 M3,1,12.12,19,20.3,-848.0,M3,6.0,1.0,0.2669999999999994,-0.9812397244579052,353,281,2025-12-22,0,5.75,6.37,19,6.05,10.05,激光,150.25,149.04,148.3,149.42,171.36,171.99,172.19,172.55,5.922,5.807,5.655,5.664,5.703,6.402,6.321,6.402,6.352,6.37,,B,251108.0,2025-12-22,1,1
B251108-1-6 M2,1,12.12,19,20.3,-847.0,M2,6.0,1.0,0.2669999999999994,-0.9812397244579052,353,282,2025-12-22,0,5.75,6.37,19,6.05,10.05,激光,150.07,148.62,148.52,149.05,172.88,172.61,169.76,172.51,5.922,5.807,5.655,5.664,5.703,6.402,6.321,6.402,6.352,6.37,,B,251108.0,2025-12-22,1,1
B251108-1-6 M5,1,12.12,19,20.1,-852.0,M5,6.0,1.0,0.2669999999999994,-0.9812397244579052,354,283,2025-12-23,0,5.75,6.37,19,6.05,10.05,激光,,,,,,,,,5.922,5.807,5.655,5.664,5.703,6.402,6.321,6.402,6.352,6.37,,B,251108.0,2025-12-23,1,1
B251118-1-7 M1,1,11.99,19,20.3,-853.0,M1,7.0,1.0,0.2669999999999994,-0.8915877212475298,354,284,2025-12-23,0,5.75,6.24,19,6.23,10.32,激光,149.02,147.89,147.89,148.03,171.12,172.01,173.63,171.82,5.922,5.807,5.655,5.664,5.703,6.187,6.22,6.253,6.166,6.399,,B,251118.0,2025-12-23,1,1
B251118-1-7 M3,1,11.99,19,20.3,-852.0,M3,7.0,1.0,0.2669999999999994,-0.8915877212475298,354,285,2025-12-23,0,5.75,6.24,19,6.23,10.32,激光,149.07,148.19,147.76,148.14,171.91,172.39,173.03,173.74,5.922,5.807,5.655,5.664,5.703,6.187,6.22,6.253,6.166,6.399,,B,251118.0,2025-12-23,1,1
B251118-1-7 M4,1,11.99,19,20.3,-854.0,M4,7.0,1.0,0.2669999999999994,-0.8915877212475298,356,286,2025-12-25,0,5.75,6.24,19,6.23,10.32,激光,149.26,149.09,148.36,149.19,173.61,174.57,174.99,174.21,5.922,5.807,5.655,5.664,5.703,6.187,6.22,6.253,6.166,6.399,,B,251118.0,2025-12-25,1,1
B251118-1-7 M5,1,11.99,19,20.2,-854.0,M5,7.0,1.0,0.2669999999999994,-0.8915877212475298,356,287,2025-12-25,0,5.75,6.24,19,6.23,10.32,十字,,,,,,,,,5.922,5.807,5.655,5.664,5.703,6.187,6.22,6.253,6.166,6.399,,B,251118.0,2025-12-25,0,1
B251118-1-6 M2,1,11.96,19,20.3,-854.0,M2,6.0,1.0,0.2669999999999994,-0.7620903832769863,356,288,2025-12-25,0,5.75,6.21,19,6.3,10.52,激光,147.77,148.1,146.55,149.0,175.59,176.38,175.93,175.75,5.922,5.807,5.655,5.664,5.703,6.234,6.193,6.187,6.245,6.202,,B,251118.0,2025-12-25,1,1
B251118-1-4 M4,1,12.19,19,20.3,-848.0,M4,4.0,1.0,0.2669999999999994,-0.7122837148267774,357,292,2025-12-26,0,5.75,6.44,19,6.32,10.59,十字,,,,,,,,,5.922,5.807,5.655,5.664,5.703,6.427,6.399,6.468,6.551,6.34,,B,251118.0,2025-12-26,0,1
B251118-1-6 M1,1,11.96,19,20.3,-851.0,M1,6.0,1.0,0.2669999999999994,-0.7620903832769863,357,289,2025-12-26,0,5.75,6.21,19,6.3,10.52,激光,150.56,148.5,149.14,150.13,169.68,169.74,170.53,169.76,5.922,5.807,5.655,5.664,5.703,6.234,6.193,6.187,6.245,6.202,,B,251118.0,2025-12-26,1,1
B251118-1-5 M2,1,12.21,19,20.3,-851.0,M2,5.0,1.0,0.2669999999999994,-0.254062365084854,357,290,2025-12-26,0,5.75,6.46,19,6.04,10.77,激光,150.48,149.06,150.23,150.41,169.5,170.48,170.97,170.37,5.922,5.807,5.655,5.664,5.703,6.535,6.459,6.459,6.471,6.394,,B,251118.0,2025-12-26,1,1
B251118-1-5 M7,1,12.21,19,20.3,-851.0,M7,5.0,1.0,0.2669999999999994,-0.254062365084854,357,291,2025-12-26,0,5.75,6.46,19,6.04,10.77,十字,,,,,,,,,5.922,5.807,5.655,5.664,5.703,6.535,6.459,6.459,6.471,6.394,,B,251118.0,2025-12-26,0,1
B251118-1-4 M3,1,12.19,19,20.3,-848.0,M3,4.0,1.0,0.2669999999999994,-0.7122837148267774,357,293,2025-12-26,0,5.75,6.44,19,6.32,10.59,激光,150.15,149.47,147.64,149.68,168.37,168.39,169.34,169.93,5.922,5.807,5.655,5.664,5.703,6.427,6.399,6.468,6.551,6.34,,B,251118.0,2025-12-26,1,1
B251108-1-6 M6,1,12.12,19,20.3,-847.0,M6,6.0,1.0,0.2669999999999994,-0.9812397244579052,360,295,2025-12-29,0,5.75,6.37,19,6.05,10.05,十字,,,,,,,,,5.922,5.807,5.655,5.664,5.703,6.402,6.321,6.402,6.352,6.37,,B,251108.0,2025-12-29,0,1
B251108-1-6 M7,1,12.12,19,20.3,-849.0,M7,6.0,1.0,0.2669999999999994,-0.9812397244579052,360,294,2025-12-29,0,5.75,6.37,19,6.05,10.05,激光,147.88,146.97,146.72,147.03,172.99,173.56,173.63,173.39,5.922,5.807,5.655,5.664,5.703,6.402,6.321,6.402,6.352,6.37,,B,251108.0,2025-12-29,1,1
B251108-1-6 M8,1,12.12,19,20.3,-846.0,M8,6.0,1.0,0.2669999999999994,-0.9812397244579052,360,296,2025-12-29,0,5.75,6.37,19,6.05,10.05,激光,148.69,148.47,146.63,147.6,170.49,170.73,171.12,170.74,5.922,5.807,5.655,5.664,5.703,6.402,6.321,6.402,6.352,6.37,,B,251108.0,2025-12-29,1,1
B251118-1-5 M8,1,12.21,19,20.3,-849.0,M8,5.0,1.0,0.2669999999999994,-0.254062365084854,361,298,2025-12-30,0,5.75,6.46,19,6.04,10.77,十字,,,,,,,,,5.922,5.807,5.655,5.664,5.703,6.535,6.459,6.459,6.471,6.394,,B,251118.0,2025-12-30,0,1
B251118-1-4 M5,1,12.19,19,20.2,-852.0,M5,4.0,1.0,0.2669999999999994,-0.7122837148267774,361,297,2025-12-30,0,5.75,6.44,19,6.32,10.59,十字,,,,,,,,,5.922,5.807,5.655,5.664,5.703,6.427,6.399,6.468,6.551,6.34,,B,251118.0,2025-12-30,0,1
B251118-1-5 M9,1,12.21,19,20.3,-849.0,M9,5.0,1.0,0.2669999999999994,-0.254062365084854,361,299,2025-12-30,0,5.75,6.46,19,6.04,10.77,激光,149.22,147.22,147.68,147.68,174.48,173.61,174.29,174.65,5.922,5.807,5.655,5.664,5.703,6.535,6.459,6.459,6.471,6.394,,B,251118.0,2025-12-30,1,1
